date,BvB_Total,BvB_Bullish,BvB_Bearish
2016-10-17,46.518438164948286,0,0
2016-10-18,49.493545255579136,0,0
2016-10-19,15.499197119570308,0,0
2016-10-20,14.496130471294082,0,0
2016-10-21,5.710274488895723,0,0
2016-10-24,15.150724597730585,0,0
2016-10-25,17.533850616991863,0,0
2016-10-26,-45.509139185922336,0,0
2016-10-27,-34.55697863507244,0,0
2016-10-28,-41.7442454601119,0,0
2016-10-31,-47.687575387417965,0,0
2016-11-01,-76.42082991909504,0,0
2016-11-02,-82.71570161552818,0,1
2016-11-03,-96.45178612037532,0,1
2016-11-04,-99.99999999999015,0,1
2016-11-07,-76.82208863985167,0,0
2016-11-08,-57.98854460445108,0,0
2016-11-09,-73.5994970981255,0,0
2016-11-10,-77.60599423121585,0,0
2016-11-11,-84.29195837152783,0,1
2016-11-14,-97.94632416109634,0,1
2016-11-15,-72.67637315912289,0,0
2016-11-16,-43.70261722529619,0,0
2016-11-17,-22.846757729432163,0,0
2016-11-18,-13.759285258384335,0,0
2016-11-21,-0.6574776792603929,0,0
2016-11-22,11.886301179530818,0,0
2016-11-23,-8.055638602694126,0,0
2016-11-25,-2.109847156889911,0,0
2016-11-28,5.4977417059386795,0,0
2016-11-29,-11.647455918643107,0,0
2016-11-30,-7.221165407690334,0,0
2016-12-01,-26.819668984686736,0,0
2016-12-02,-34.6999522057469,0,0
2016-12-05,-36.84339900477639,0,0
2016-12-06,-24.38801782077682,0,0
2016-12-07,-18.262903921941906,0,0
2016-12-08,2.148223046291636,0,0
2016-12-09,30.99830450868425,0,0
2016-12-12,30.06520886138937,0,0
2016-12-13,40.61611952625445,0,0
2016-12-14,45.91445586048127,0,0
2016-12-15,44.688558681167066,0,0
2016-12-16,38.25871285534646,0,0
2016-12-19,39.353165031868556,0,0
2016-12-20,40.54830538299568,0,0
2016-12-21,33.20778715325858,0,0
2016-12-22,10.277070825807922,0,0
2016-12-23,5.5823652486073465,0,0
2016-12-27,20.26175109374776,0,0
2016-12-28,16.238556059334602,0,0
2016-12-29,6.067069069943754,0,0
2016-12-30,-1.8789339694131657,0,0
2017-01-03,-17.33957545039652,0,0
2017-01-04,-7.705968468772067,0,0
2017-01-05,-5.78910094356967,0,0
2017-01-06,7.586417355588771,0,0
2017-01-09,25.74165826550486,0,0
2017-01-10,22.047046041376795,0,0
2017-01-11,22.95229316056153,0,0
2017-01-12,8.546327184774588,0,0
2017-01-13,13.145003059533344,0,0
2017-01-17,8.49408193567755,0,0
2017-01-18,19.128582977770943,0,0
2017-01-19,8.531907482737916,0,0
2017-01-20,11.492549907791005,0,0
2017-01-23,11.898278077921407,0,0
2017-01-24,-0.04568116041201442,0,0
2017-01-25,19.189219772207537,0,0
2017-01-26,27.714283546173306,0,0
2017-01-27,21.415459848592718,0,0
2017-01-30,2.339381862956502,0,0
2017-01-31,-3.0503241675944324,0,0
2017-02-01,99.99999999999164,1,0
2017-02-02,81.58868313567476,1,0
2017-02-03,68.31224546157351,0,0
2017-02-06,69.9395754081457,0,0
2017-02-07,79.96574168360614,0,0
2017-02-08,72.30405402561263,0,0
2017-02-09,59.36093211006185,0,0
2017-02-10,59.79495354844096,0,0
2017-02-13,60.45405640823289,0,0
2017-02-14,60.526954854588524,0,0
2017-02-15,67.97046192975016,0,0
2017-02-16,55.07757321370719,0,0
2017-02-17,45.746075939594235,0,0
2017-02-21,49.133387974964734,0,0
2017-02-22,42.308879957857144,0,0
2017-02-23,38.65919705007819,0,0
2017-02-24,15.865250742311037,0,0
2017-02-27,23.63783541780817,0,0
2017-02-28,20.900376551723067,0,0
2017-03-01,39.42430547423522,0,0
2017-03-02,41.97024239099716,0,0
2017-03-03,27.83415879948805,0,0
2017-03-06,20.58930755809115,0,0
2017-03-07,17.675998897014917,0,0
2017-03-08,12.12949028680471,0,0
2017-03-09,-14.077657107475217,0,0
2017-03-10,0.288642546387635,0,0
2017-03-13,-0.8808482426124797,0,0
2017-03-14,-1.2491208551866304,0,0
2017-03-15,4.161593427396232,0,0
2017-03-16,11.581082091014153,0,0
2017-03-17,5.4401477405286,0,0
2017-03-20,6.678509820136275,0,0
2017-03-21,11.981878955801921,0,0
2017-03-22,-2.534064133871917,0,0
2017-03-23,1.4338763475501999,0,0
2017-03-24,-1.397585730755985,0,0
2017-03-27,-22.404644193118596,0,0
2017-03-28,9.408615910158458,0,0
2017-03-29,26.567163840454292,0,0
2017-03-30,22.70069674255054,0,0
2017-03-31,11.630965358600381,0,0
2017-04-03,6.234054172630244,0,0
2017-04-04,7.41198946501987,0,0
2017-04-05,13.756730653288784,0,0
2017-04-06,0.44076979918078507,0,0
2017-04-07,-5.317560172206425,0,0
2017-04-10,-11.764768274896083,0,0
2017-04-11,-37.16965751179971,0,0
2017-04-12,-37.32915596228158,0,0
2017-04-13,-31.706929257807168,0,0
2017-04-17,-36.20852268067036,0,0
2017-04-18,-30.44454374895649,0,0
2017-04-19,-33.020911625725155,0,0
2017-04-20,-20.502432246061797,0,0
2017-04-21,-17.326852286569583,0,0
2017-04-24,0.8366314923561546,0,0
2017-04-25,9.48015155526381,0,0
2017-04-26,0.3688127520211637,0,0
2017-04-27,-6.262276991435079,0,0
2017-04-28,-7.193065811123306,0,0
2017-05-01,22.305995861136438,0,0
2017-05-02,36.419783667435546,0,0
2017-05-03,2.9844125917505178,0,0
2017-05-04,8.04853235366419,0,0
2017-05-05,22.017173819111672,0,0
2017-05-08,63.688709430609634,0,0
2017-05-09,87.61497995731483,1,0
2017-05-10,44.682103880510624,0,0
2017-05-11,29.000309111829473,0,0
2017-05-12,59.60264973443809,0,0
2017-05-15,49.22639485502009,0,0
2017-05-16,25.05404902702629,0,0
2017-05-17,-44.87970219218361,0,0
2017-05-18,-45.74104405931025,0,0
2017-05-19,-26.945902682363915,0,0
2017-05-22,-24.551910375167395,0,0
2017-05-23,-22.232607255871756,0,0
2017-05-24,-40.76566329770016,0,0
2017-05-25,-39.36446456296166,0,0
2017-05-26,-41.318808558316164,0,0
2017-05-30,-42.058541623386326,0,0
2017-05-31,-55.59142741650852,0,0
2017-06-01,-67.5241704153448,0,0
2017-06-02,-44.98660004836985,0,0
2017-06-05,-51.31258176943965,0,0
2017-06-06,-36.60501867395313,0,0
2017-06-07,-32.477499090809104,0,0
2017-06-08,-41.87799205921148,0,0
2017-06-09,-74.6230121736131,0,0
2017-06-12,-99.99999999999366,0,1
2017-06-13,-64.61277169358638,0,0
2017-06-14,-61.726557696145285,0,0
2017-06-15,-81.18114234932574,0,1
2017-06-16,-68.17166922270385,0,0
2017-06-19,-39.890513476666385,0,0
2017-06-20,-25.00881129691688,0,0
2017-06-21,-28.765568644416334,0,0
2017-06-22,-17.780523360362228,0,0
2017-06-23,-12.816950689624585,0,0
2017-06-26,-1.1707072794948536,0,0
2017-06-27,-20.59088137108948,0,0
2017-06-28,-22.449464001994418,0,0
2017-06-29,-29.606537053921294,0,0
2017-06-30,-17.572522460507983,0,0
2017-07-03,-15.537641804907576,0,0
2017-07-05,-18.78584628304162,0,0
2017-07-06,-24.79912120561343,0,0
2017-07-07,-11.982166324599682,0,0
2017-07-10,-1.3341035718900163,0,0
2017-07-11,3.3297414993629144,0,0
2017-07-12,7.019487356651082,0,0
2017-07-13,21.650122090588006,0,0
2017-07-14,32.982023882377156,0,0
2017-07-17,44.97371167569444,0,0
2017-07-18,34.161719231136566,0,0
2017-07-19,43.70587176229246,0,0
2017-07-20,42.3569382330974,0,0
2017-07-21,21.23717224695038,0,0
2017-07-24,34.17327927138137,0,0
2017-07-25,55.82970648327548,0,0
2017-07-26,56.75504724119767,0,0
2017-07-27,19.3509265428928,0,0
2017-07-28,4.489621433879748,0,0
2017-07-31,0.5370074666933178,0,0
2017-08-01,0.8526936808630368,0,0
2017-08-02,95.54587941060149,1,0
2017-08-03,63.16588361818736,0,0
2017-08-04,60.00274528558032,0,0
2017-08-07,64.5807503877575,0,0
2017-08-08,81.64418038404169,1,0
2017-08-09,70.88769113975349,0,0
2017-08-10,33.32891115702286,0,0
2017-08-11,28.565389553962888,0,0
2017-08-14,48.42620788821627,0,0
2017-08-15,60.46373396741225,0,0
2017-08-16,55.159687612922525,0,0
2017-08-17,27.50775297289686,0,0
2017-08-18,12.060583793270208,0,0
2017-08-21,-8.585478080554289,0,0
2017-08-22,19.520709887722365,0,0
2017-08-23,24.028365824694312,0,0
2017-08-24,21.448019905849335,0,0
2017-08-25,21.81868449081442,0,0
2017-08-28,30.150512348508606,0,0
2017-08-29,30.862916852754257,0,0
2017-08-30,45.52252562053074,0,0
2017-08-31,48.05149043036424,0,0
2017-09-01,45.50167528301392,0,0
2017-09-05,19.47079640894065,0,0
2017-09-06,9.404150350803992,0,0
2017-09-07,3.2717918088909617,0,0
2017-09-08,-11.116421275589634,0,0
2017-09-11,2.306702243292546,0,0
2017-09-12,7.978909084153375,0,0
2017-09-13,-21.740902157186298,0,0
2017-09-14,-20.04408066177416,0,0
2017-09-15,-9.290211157989592,0,0
2017-09-18,-9.534421455300528,0,0
2017-09-19,-9.141967706052034,0,0
2017-09-20,-41.62399489311383,0,0
2017-09-21,-54.323382465617456,0,0
2017-09-22,-79.92591767272513,0,0
2017-09-25,-79.31772091869831,0,0
2017-09-26,-43.222777358976586,0,0
2017-09-27,-22.68959101973894,0,0
2017-09-28,-26.19965676789233,0,0
2017-09-29,-28.989795910236356,0,0
2017-10-02,-19.501234305593144,0,0
2017-10-03,-6.453177027847168,0,0
2017-10-04,-20.928281816706484,0,0
2017-10-05,-1.2492097155546054,0,0
2017-10-06,1.7388082853108946,0,0
2017-10-09,14.371306540444289,0,0
2017-10-10,19.00055195898943,0,0
2017-10-11,14.080770256510906,0,0
2017-10-12,15.505585307461768,0,0
2017-10-13,16.612633155509055,0,0
2017-10-16,35.21614845277578,0,0
2017-10-17,43.67565920172599,0,0
2017-10-18,39.86149538594506,0,0
2017-10-19,-11.03036234192204,0,0
2017-10-20,0.710946047588517,0,0
2017-10-23,-1.2795617136839637,0,0
2017-10-24,0.8988114923606458,0,0
2017-10-25,-3.33601639345048,0,0
2017-10-26,7.025119406768183,0,0
2017-10-27,49.865927896831614,0,0
2017-10-30,95.87423335321175,1,0
2017-10-31,99.99999999999355,1,0
2017-11-01,82.62075149653128,1,0
2017-11-02,59.616832368372286,0,0
2017-11-03,99.99999999999409,1,0
2017-11-06,90.96759741503473,1,0
2017-11-07,87.90922005322555,1,0
2017-11-08,82.36657857965183,1,0
2017-11-09,61.663499263447946,0,0
2017-11-10,54.59259139533367,0,0
2017-11-13,37.339672415503216,0,0
2017-11-14,16.50213147611427,0,0
2017-11-15,-16.57078031810284,0,0
2017-11-16,2.1083897327236203,0,0
2017-11-17,-4.436156500908483,0,0
2017-11-20,-9.455070515073066,0,0
2017-11-21,11.56683528301427,0,0
2017-11-22,25.52971930789233,0,0
2017-11-24,31.75993608078702,0,0
2017-11-27,17.956611015984926,0,0
2017-11-28,6.486300421612961,0,0
2017-11-29,-28.05285685296808,0,0
2017-11-30,-36.40471507400798,0,0
2017-12-01,-37.65136508236829,0,0
2017-12-04,-21.19679352507859,0,0
2017-12-05,-32.9785917992989,0,0
2017-12-06,-50.076561167564165,0,0
2017-12-07,-29.886380580079766,0,0
2017-12-08,-24.78385323272088,0,0
2017-12-11,-16.993038328443806,0,0
2017-12-12,-4.084553049762257,0,0
2017-12-13,4.245844449415548,0,0
2017-12-14,-2.461306965796251,0,0
2017-12-15,4.643469274053463,0,0
2017-12-18,30.876874500223273,0,0
2017-12-19,10.821924100957032,0,0
2017-12-20,2.470640621798953,0,0
2017-12-21,7.986900087734828,0,0
2017-12-22,3.668587084529623,0,0
2017-12-26,-47.51519822694781,0,0
2017-12-27,-47.53511291218233,0,0
2017-12-28,-33.224863275229886,0,0
2017-12-29,-43.778856456562266,0,0
2018-01-02,-33.39689208564009,0,0
2018-01-03,-2.157607243326148,0,0
2018-01-04,-9.6334309159392,0,0
2018-01-05,3.678532019368408,0,0
2018-01-08,7.91710434424755,0,0
2018-01-09,-1.4451586557746752,0,0
2018-01-10,-10.968688926702264,0,0
2018-01-11,2.569209039439385,0,0
2018-01-12,15.536572278635091,0,0
2018-01-16,27.44244183524424,0,0
2018-01-17,11.347501129999616,0,0
2018-01-18,30.018060370559564,0,0
2018-01-19,16.25831958661488,0,0
2018-01-22,-2.035057307901877,0,0
2018-01-23,7.90188317411517,0,0
2018-01-24,-25.702111121253687,0,0
2018-01-25,-49.542923628213565,0,0
2018-01-26,-64.42142649804248,0,0
2018-01-29,-83.81313602461088,0,1
2018-01-30,-99.9999999999937,0,1
2018-01-31,-73.02848679285833,0,0
2018-02-01,-62.978557231621444,0,0
2018-02-02,-86.33728803464581,0,1
2018-02-05,-93.06670440732901,0,1
2018-02-06,-89.74023418401003,0,1
2018-02-07,-56.22038529191974,0,0
2018-02-08,-73.4743486346375,0,0
2018-02-09,-99.99999999999531,0,1
2018-02-12,-28.42776035877666,0,0
2018-02-13,-4.740458251500584,0,0
2018-02-14,12.592660318788829,0,0
2018-02-15,62.04430616935031,0,0
2018-02-16,75.43076471757948,0,0
2018-02-20,62.65602269721168,0,0
2018-02-21,54.25081647981726,0,0
2018-02-22,49.60202396027542,0,0
2018-02-23,58.06989813117707,0,0
2018-02-26,79.08279573310276,0,0
2018-02-27,83.58265016276783,1,0
2018-02-28,74.61204870124865,0,0
2018-03-01,40.66457208094899,0,0
2018-03-02,14.078236721509295,0,0
2018-03-05,27.315591915950883,0,0
2018-03-06,33.73696945608871,0,0
2018-03-07,9.395340950661085,0,0
2018-03-08,16.888532165165476,0,0
2018-03-09,37.31223022733754,0,0
2018-03-12,55.710268787305374,0,0
2018-03-13,52.371150057406396,0,0
2018-03-14,25.38217174370933,0,0
2018-03-15,22.465375110556202,0,0
2018-03-16,12.429599097310751,0,0
2018-03-19,-13.225225904211124,0,0
2018-03-20,-8.704470204321074,0,0
2018-03-21,-28.378604183694563,0,0
2018-03-22,-45.03527582262217,0,0
2018-03-23,-64.28062846317965,0,0
2018-03-26,-36.91985109830258,0,0
2018-03-27,-14.972250896475725,0,0
2018-03-28,-44.56514689001111,0,0
2018-03-29,-20.162247008940305,0,0
2018-04-02,-41.52040774946468,0,0
2018-04-03,-37.25427521314454,0,0
2018-04-04,-19.90333741067083,0,0
2018-04-05,24.627100651159516,0,0
2018-04-06,-0.3962292071815474,0,0
2018-04-09,11.77313841048674,0,0
2018-04-10,21.219613790293472,0,0
2018-04-11,19.337032659500892,0,0
2018-04-12,27.74471695747528,0,0
2018-04-13,31.969768921818286,0,0
2018-04-16,33.1348725226759,0,0
2018-04-17,48.72410586974583,0,0
2018-04-18,43.653907370774974,0,0
2018-04-19,4.853836248704669,0,0
2018-04-20,-42.63367282219911,0,0
2018-04-23,-64.05269855253474,0,0
2018-04-24,-68.67506331976142,0,0
2018-04-25,-58.78943109900635,0,0
2018-04-26,-44.81733660898908,0,0
2018-04-27,-56.73828860708649,0,0
2018-04-30,-27.740735674664684,0,0
2018-05-01,1.7430274284601308,0,0
2018-05-02,89.4892445442695,1,0
2018-05-03,79.55764967527676,0,0
2018-05-04,98.58576671533808,1,0
2018-05-07,99.999999999995,1,0
2018-05-08,73.4274526459418,0,0
2018-05-09,71.05784804021624,0,0
2018-05-10,79.90538181678063,0,0
2018-05-11,65.57302742399312,0,0
2018-05-14,54.73456835364742,0,0
2018-05-15,24.798921840520947,0,0
2018-05-16,27.683466755222895,0,0
2018-05-17,26.145914990735726,0,0
2018-05-18,15.990014676375335,0,0
2018-05-21,21.625999266304127,0,0
2018-05-22,15.53937192882876,0,0
2018-05-23,4.937475606217589,0,0
2018-05-24,4.744854608962945,0,0
2018-05-25,10.88300933419678,0,0
2018-05-29,0.8094397030137426,0,0
2018-05-30,-4.9185797525741535,0,0
2018-05-31,-6.995105998956957,0,0
2018-06-01,5.050579391321353,0,0
2018-06-04,29.493615518706783,0,0
2018-06-05,29.263671456380287,0,0
2018-06-06,21.383095680976307,0,0
2018-06-07,18.414572266320725,0,0
2018-06-08,-5.4237550388619775,0,0
2018-06-11,-5.3441324891669035,0,0
2018-06-12,-0.9513993102549296,0,0
2018-06-13,-2.828654545629889,0,0
2018-06-14,-10.698862448603165,0,0
2018-06-15,-23.68520320125303,0,0
2018-06-18,-30.826190610112818,0,0
2018-06-19,-55.16609488838348,0,0
2018-06-20,-37.99594392547688,0,0
2018-06-21,-31.067035491703166,0,0
2018-06-22,-38.598789777340784,0,0
2018-06-25,-53.640399534828866,0,0
2018-06-26,-34.784201477434706,0,0
2018-06-27,-21.661978427233468,0,0
2018-06-28,-26.659882762831565,0,0
2018-06-29,-23.77579492426034,0,0
2018-07-02,-22.288028252348578,0,0
2018-07-03,-15.595344853788973,0,0
2018-07-05,-19.52648350442877,0,0
2018-07-06,-8.129382009916409,0,0
2018-07-09,14.454497311832515,0,0
2018-07-10,16.741491157232623,0,0
2018-07-11,-1.8778227871793884,0,0
2018-07-12,8.722606291566537,0,0
2018-07-13,13.105382226852447,0,0
2018-07-16,12.083093192973699,0,0
2018-07-17,-0.1172117525686911,0,0
2018-07-18,0.8346416630698741,0,0
2018-07-19,0.3994353395976429,0,0
2018-07-20,-0.5153517799358189,0,0
2018-07-23,-7.4930074007154515,0,0
2018-07-24,7.530425460113994,0,0
2018-07-25,9.748027860435082,0,0
2018-07-26,16.23939897752062,0,0
2018-07-27,-1.232421521272986,0,0
2018-07-30,-18.56264968616241,0,0
2018-07-31,-16.679170388812874,0,0
2018-08-01,51.089648619412685,0,0
2018-08-02,73.95518770180666,0,0
2018-08-03,82.57602857690415,1,0
2018-08-06,75.60579531559412,0,0
2018-08-07,62.92996779744081,0,0
2018-08-08,31.90424122083737,0,0
2018-08-09,43.799015985843866,0,0
2018-08-10,29.21186580751642,0,0
2018-08-13,35.06283037182785,0,0
2018-08-14,26.666348645863824,0,0
2018-08-15,19.443812510720935,0,0
2018-08-16,39.639400833647244,0,0
2018-08-17,54.1505698527758,0,0
2018-08-20,59.428298950193195,0,0
2018-08-21,34.67551009350037,0,0
2018-08-22,21.644180011463853,0,0
2018-08-23,21.806503810131247,0,0
2018-08-24,16.312465055962505,0,0
2018-08-27,23.44726971519627,0,0
2018-08-28,35.84733921340282,0,0
2018-08-29,40.91293063266966,0,0
2018-08-30,66.90413344097493,0,0
2018-08-31,72.03483207195501,0,0
2018-09-04,62.09244931957201,0,0
2018-09-05,46.49842274642078,0,0
2018-09-06,11.346205472422355,0,0
2018-09-07,-3.223941192882973,0,0
2018-09-10,-39.724397918689576,0,0
2018-09-11,-31.073953809460125,0,0
2018-09-12,-11.650232573414575,0,0
2018-09-13,11.969362645372978,0,0
2018-09-14,0.5477374461791862,0,0
2018-09-17,-40.54313428311379,0,0
2018-09-18,-42.928594513658794,0,0
2018-09-19,-60.28073760123269,0,0
2018-09-20,-26.442593493736926,0,0
2018-09-21,-36.59750827483211,0,0
2018-09-24,-41.27981935365308,0,0
2018-09-25,-20.58518933415047,0,0
2018-09-26,-15.252170175739405,0,0
2018-09-27,11.535520650284258,0,0
2018-09-28,4.309340985240618,0,0
2018-10-01,27.236689790999165,0,0
2018-10-02,22.352773261823394,0,0
2018-10-03,44.411223378929634,0,0
2018-10-04,18.70761497194896,0,0
2018-10-05,-31.570448365438903,0,0
2018-10-08,-51.172481072545885,0,0
2018-10-09,-30.850555821483468,0,0
2018-10-10,-54.3728972189087,0,0
2018-10-11,-94.22611062936579,0,1
2018-10-12,-53.82794601187532,0,0
2018-10-15,-52.73161357867934,0,0
2018-10-16,-48.96604154833673,0,0
2018-10-17,-40.11512532644301,0,0
2018-10-18,-78.55826941677677,0,0
2018-10-19,-46.58977769213003,0,0
2018-10-22,-27.092897854462972,0,0
2018-10-23,-50.28980786261462,0,0
2018-10-24,-37.00358356246772,0,0
2018-10-25,-39.42079364074941,0,0
2018-10-26,-61.6114246812442,0,0
2018-10-29,-75.60781754646257,0,0
2018-10-30,-79.94689058386888,0,0
2018-10-31,-16.639604828846576,0,0
2018-11-01,-10.347506951503844,0,0
2018-11-02,-96.00079200231343,0,1
2018-11-05,-99.99999999999618,0,1
2018-11-06,-73.29152354952564,0,0
2018-11-07,-38.44598866575626,0,0
2018-11-08,-23.339639446072766,0,0
2018-11-09,-48.850599347199534,0,0
2018-11-12,-88.13614847299279,0,1
2018-11-13,-90.18673734734293,0,1
2018-11-14,-96.0180347667559,0,1
2018-11-15,-89.56876465707668,0,1
2018-11-16,-58.86652273426428,0,0
2018-11-19,-76.64538043105493,0,0
2018-11-20,-99.99999999999667,0,1
2018-11-21,-82.99680375275906,0,1
2018-11-23,-91.20805048657957,0,1
2018-11-26,-88.35192818442582,0,1
2018-11-27,-73.80465685693041,0,0
2018-11-28,-32.321819597071254,0,0
2018-11-29,-11.993723367171322,0,0
2018-11-30,-16.89691355739854,0,0
2018-12-03,12.57080780784559,0,0
2018-12-04,-5.859133039010262,0,0
2018-12-06,-44.078069361893,0,0
2018-12-07,-39.73881112127796,0,0
2018-12-10,-61.88524869011349,0,0
2018-12-11,-34.383542900460284,0,0
2018-12-12,-19.52611258337167,0,0
2018-12-13,-10.533039056465952,0,0
2018-12-14,-27.659117223596663,0,0
2018-12-17,-29.27222275592063,0,0
2018-12-18,-20.347410003914142,0,0
2018-12-19,-28.189624351496462,0,0
2018-12-20,-46.968291711497905,0,0
2018-12-21,-63.29478092426117,0,0
2018-12-24,-78.74300280732626,0,0
2018-12-26,-52.58113847039155,0,0
2018-12-27,-36.92273351918253,0,0
2018-12-28,-10.68253525413786,0,0
2018-12-31,1.8151576116634258,0,0
2019-01-02,-4.915412007663427,0,0
2019-01-03,-74.92719445273018,0,0
2019-01-04,-50.27486692021059,0,0
2019-01-07,-34.37347480642569,0,0
2019-01-08,-10.920276895481217,0,0
2019-01-09,3.6192884697547223,0,0
2019-01-10,6.540436550523027,0,0
2019-01-11,9.806802167749735,0,0
2019-01-14,-2.4469533957037717,0,0
2019-01-15,8.248405774772937,0,0
2019-01-16,25.53258549688311,0,0
2019-01-17,30.697093217991455,0,0
2019-01-18,38.01752716191478,0,0
2019-01-22,23.81868244020608,0,0
2019-01-23,15.5292474711687,0,0
2019-01-24,14.74803706466863,0,0
2019-01-25,36.05947892423097,0,0
2019-01-28,26.483669963201766,0,0
2019-01-29,36.3676572901483,0,0
2019-01-30,77.08521735160565,0,0
2019-01-31,92.70615911662006,1,0
2019-02-01,88.76766393770333,1,0
2019-02-04,91.40600560472001,1,0
2019-02-05,99.99999999999639,1,0
2019-02-06,92.41107015218095,1,0
2019-02-07,71.88485415809899,0,0
2019-02-08,48.65207576096162,0,0
2019-02-11,49.76358538256696,0,0
2019-02-12,46.03586079251352,0,0
2019-02-13,48.91576212822255,0,0
2019-02-14,39.42508299277581,0,0
2019-02-15,39.677955013251434,0,0
2019-02-19,35.230144225341284,0,0
2019-02-20,43.573943772139216,0,0
2019-02-21,35.91592038025485,0,0
2019-02-22,38.22517787646912,0,0
2019-02-25,52.77401667895878,0,0
2019-02-26,44.491279151338496,0,0
2019-02-27,38.2854225542976,0,0
2019-02-28,36.94490360127659,0,0
2019-03-01,34.639123670013454,0,0
2019-03-04,44.07146257457856,0,0
2019-03-05,36.871501293463886,0,0
2019-03-06,31.65296429424962,0,0
2019-03-07,22.242939140529668,0,0
2019-03-08,9.276198420654048,0,0
2019-03-11,44.76472659505117,0,0
2019-03-12,64.15752686912697,0,0
2019-03-13,65.11848982298127,0,0
2019-03-14,65.98438911505885,0,0
2019-03-15,72.94444661666739,0,0
2019-03-18,74.27514926984738,0,0
2019-03-19,70.30430786796055,0,0
2019-03-20,61.08114544056498,0,0
2019-03-21,88.66823283133652,1,0
2019-03-22,88.41422664909663,1,0
2019-03-25,50.589036850262616,0,0
2019-03-26,45.46619778932116,0,0
2019-03-27,37.75223287265388,0,0
2019-03-28,37.34966346822965,0,0
2019-03-29,38.86391678748248,0,0
2019-04-01,39.725705510439084,0,0
2019-04-02,51.9896347164523,0,0
2019-04-03,59.415550152435614,0,0
2019-04-04,52.89741788110128,0,0
2019-04-05,58.11227449863151,0,0
2019-04-08,62.166960723287715,0,0
2019-04-09,74.1050034110626,0,0
2019-04-10,56.41708202579373,0,0
2019-04-11,53.78092539295456,0,0
2019-04-12,39.77352738536283,0,0
2019-04-15,41.01034237461302,0,0
2019-04-16,45.063678333357444,0,0
2019-04-17,46.13969718477636,0,0
2019-04-18,55.49535112060978,0,0
2019-04-22,51.87344315529635,0,0
2019-04-23,59.150150540592776,0,0
2019-04-24,65.53232750880785,0,0
2019-04-25,52.880559240733135,0,0
2019-04-26,30.94045581388552,0,0
2019-04-29,37.604755187795355,0,0
2019-04-30,14.59790937941623,0,0
2019-05-01,81.91638073580306,1,0
2019-05-02,63.567786742146865,0,0
2019-05-03,60.498985150505604,0,0
2019-05-06,24.966520624859328,0,0
2019-05-07,13.672780749064579,0,0
2019-05-08,11.316736573655062,0,0
2019-05-09,-14.398903050303936,0,0
2019-05-10,-30.58669609146257,0,0
2019-05-13,-79.95719184056934,0,0
2019-05-14,-59.73654381138245,0,0
2019-05-15,-42.88278836295541,0,0
2019-05-16,-29.380057425497125,0,0
2019-05-17,-34.580208251642986,0,0
2019-05-20,-71.02015692440875,0,0
2019-05-21,-39.27563397419834,0,0
2019-05-22,-45.38039463699161,0,0
2019-05-23,-70.16608746210932,0,0
2019-05-24,-49.87334618474805,0,0
2019-05-28,-47.989884333295215,0,0
2019-05-29,-49.69250988405464,0,0
2019-05-30,-40.134207367930344,0,0
2019-05-31,-41.07237233460508,0,0
2019-06-03,-47.763533338162816,0,0
2019-06-04,-22.662151947282165,0,0
2019-06-05,20.261790512664856,0,0
2019-06-06,22.52882831574949,0,0
2019-06-07,52.8265163670019,0,0
2019-06-10,77.93448659022533,0,0
2019-06-11,77.35798444226083,0,0
2019-06-12,68.41515202598505,0,0
2019-06-13,65.3873038498535,0,0
2019-06-14,36.605833535812295,0,0
2019-06-17,43.39843879458098,0,0
2019-06-18,65.92741156062372,0,0
2019-06-19,64.54055816679465,0,0
2019-06-20,62.09992441107407,0,0
2019-06-21,57.34582284228643,0,0
2019-06-24,49.62787041182829,0,0
2019-06-25,34.49603641966178,0,0
2019-06-26,42.27109670883233,0,0
2019-06-27,47.726080926229805,0,0
2019-06-28,28.259846607468898,0,0
2019-07-01,55.368526543984665,0,0
2019-07-02,46.3846817509901,0,0
2019-07-03,49.40389896451012,0,0
2019-07-05,46.88306627819788,0,0
2019-07-08,15.445497586098483,0,0
2019-07-09,15.366916675801257,0,0
2019-07-10,30.308456404380287,0,0
2019-07-11,31.783414852917502,0,0
2019-07-12,28.923940301993127,0,0
2019-07-15,38.23285217167723,0,0
2019-07-16,34.197819622151044,0,0
2019-07-17,27.658787005618596,0,0
2019-07-18,28.59886980322431,0,0
2019-07-19,26.183177089165948,0,0
2019-07-22,28.735433693754104,0,0
2019-07-23,42.6986245243142,0,0
2019-07-24,38.393996090417446,0,0
2019-07-25,34.66143499547208,0,0
2019-07-26,35.151891605775035,0,0
2019-07-29,41.89093157070192,0,0
2019-07-30,36.78118597200647,0,0
2019-07-31,86.82769576715847,1,0
2019-08-01,54.772427319145166,0,0
2019-08-02,-6.7323917448258,0,0
2019-08-05,-58.121607426201074,0,0
2019-08-06,-46.34650871272878,0,0
2019-08-07,-36.29788740659734,0,0
2019-08-08,0.6651665861494571,0,0
2019-08-09,-0.2799505452010136,0,0
2019-08-12,-0.9436780752901717,0,0
2019-08-13,36.881038326484145,0,0
2019-08-14,23.765078851479444,0,0
2019-08-15,9.102985136009838,0,0
2019-08-16,29.73929961263223,0,0
2019-08-19,68.47864161851619,0,0
2019-08-20,65.97439047345898,0,0
2019-08-21,64.5214625878575,0,0
2019-08-22,57.88517482398633,0,0
2019-08-23,15.31745797220736,0,0
2019-08-26,12.26946997381686,0,0
2019-08-27,14.032646928709337,0,0
2019-08-28,2.9226522516021802,0,0
2019-08-29,26.879761187480124,0,0
2019-08-30,31.04000421367911,0,0
2019-09-03,7.114881447449129,0,0
2019-09-04,26.242329539321233,0,0
2019-09-05,53.44666785278578,0,0
2019-09-06,53.4528653175839,0,0
2019-09-09,49.870392813415364,0,0
2019-09-10,46.01213678843408,0,0
2019-09-11,82.5409961960545,1,0
2019-09-12,94.72378632428212,1,0
2019-09-13,46.3818680379528,0,0
2019-09-16,40.09656030442171,0,0
2019-09-17,42.719950844954596,0,0
2019-09-18,44.719683213132654,0,0
2019-09-19,47.34681460689841,0,0
2019-09-20,31.65510981854794,0,0
2019-09-23,20.34510486548504,0,0
2019-09-24,28.77940935780936,0,0
2019-09-25,21.241893802170523,0,0
2019-09-26,23.318116558081734,0,0
2019-09-27,17.17934658670348,0,0
2019-09-30,38.342783743842816,0,0
2019-10-01,59.35315315379625,0,0
2019-10-02,19.37606131539117,0,0
2019-10-03,-2.1098065550832876,0,0
2019-10-04,47.93702205399903,0,0
2019-10-07,58.229920239278854,0,0
2019-10-08,42.704707958104436,0,0
2019-10-09,41.385833029446815,0,0
2019-10-10,50.27778481231147,0,0
2019-10-11,83.87738390182253,1,0
2019-10-14,83.8060081162665,1,0
2019-10-15,74.10420665839143,0,0
2019-10-16,52.13196749304835,0,0
2019-10-17,50.279978393971504,0,0
2019-10-18,51.82418195773045,0,0
2019-10-21,66.07563445066475,0,0
2019-10-22,71.01755703988594,0,0
2019-10-23,70.6062185123782,0,0
2019-10-24,69.50549290594442,0,0
2019-10-25,69.81992361974059,0,0
2019-10-28,81.50563413560562,1,0
2019-10-29,63.65529090610967,0,0
2019-10-30,37.40178402004152,0,0
2019-10-31,19.21908307859181,0,0
2019-11-01,81.39324310550583,1,0
2019-11-04,94.66983331815356,1,0
2019-11-05,86.51902749081218,1,0
2019-11-06,68.03578437352965,0,0
2019-11-07,77.79013711132443,0,0
2019-11-08,60.563887203219394,0,0
2019-11-11,62.41818194970077,0,0
2019-11-12,61.371924885053744,0,0
2019-11-13,58.38865235809242,0,0
2019-11-14,54.101786878774334,0,0
2019-11-15,50.26773524895631,0,0
2019-11-18,51.68629313609,0,0
2019-11-19,50.192336459647294,0,0
2019-11-20,14.90367227509029,0,0
2019-11-21,6.030568555156346,0,0
2019-11-22,-1.134649246432712,0,0
2019-11-25,14.892191769897169,0,0
2019-11-26,14.712172656824007,0,0
2019-11-27,23.464373800255057,0,0
2019-11-29,20.39339477985357,0,0
2019-12-02,9.751468677990054,0,0
2019-12-03,-58.895717092073426,0,0
2019-12-04,-20.169616679409998,0,0
2019-12-05,-2.326049616438719,0,0
2019-12-06,32.926581330828924,0,0
2019-12-09,18.061476640470737,0,0
2019-12-10,13.727459361699124,0,0
2019-12-11,23.12411945582957,0,0
2019-12-12,18.06653779782278,0,0
2019-12-13,36.47208115717315,0,0
2019-12-16,74.45253858670219,0,0
2019-12-17,73.49610428825923,0,0
2019-12-18,64.53082849470164,0,0
2019-12-19,50.43830818480971,0,0
2019-12-20,48.01718544334169,0,0
2019-12-23,51.25979660881439,0,0
2019-12-24,54.39745123982772,0,0
2019-12-26,70.286284553411,0,0
2019-12-27,90.32680498761135,1,0
2019-12-30,57.111740671135294,0,0
2019-12-31,65.54730449925029,0,0
2020-01-02,97.38221896936895,1,0
2020-01-03,88.50438258638492,1,0
2020-01-06,53.927167685597595,0,0
2020-01-07,67.2026483554932,0,0
2020-01-08,66.28495068257695,0,0
2020-01-09,99.99999999999562,1,0
2020-01-10,99.53363589259564,1,0
2020-01-13,99.99999999999591,1,0
2020-01-14,91.34061103697806,1,0
2020-01-15,60.81682572124112,0,0
2020-01-16,57.82665119537833,0,0
2020-01-17,66.04268251990246,0,0
2020-01-21,59.69814968611623,0,0
2020-01-22,57.7468123366875,0,0
2020-01-23,37.837005236863114,0,0
2020-01-24,51.96664180786287,0,0
2020-01-27,-54.12350531672567,0,0
2020-01-28,-6.990164266427435,0,0
2020-01-29,59.92070217389124,0,0
2020-01-30,14.280469708974241,0,0
2020-01-31,-41.231545376145036,0,0
2020-02-03,-84.3438843201798,0,1
2020-02-04,-13.105049217416655,0,0
2020-02-05,24.963867542508122,0,0
2020-02-06,20.66633456145609,0,0
2020-02-07,-1.8117281278404453,0,0
2020-02-10,-33.77932008965998,0,0
2020-02-11,-4.391609575472982,0,0
2020-02-12,11.792195529770357,0,0
2020-02-13,8.231970383746296,0,0
2020-02-14,-1.134737041977175,0,0
2020-02-18,-63.81973667797525,0,0
2020-02-19,-22.063299290092544,0,0
2020-02-20,-28.799384614875134,0,0
2020-02-21,-72.36974001021983,0,0
2020-02-24,-99.99999999999747,0,1
2020-02-25,-91.04889703771875,0,1
2020-02-26,-89.6080402621127,0,1
2020-02-27,-99.99999999999775,0,1
2020-02-28,-99.99999999999824,0,1
2020-03-02,-4.643682514059111,0,0
2020-03-03,22.296211496006574,0,0
2020-03-04,31.763770063881303,0,0
2020-03-05,23.116036903779897,0,0
2020-03-06,-10.711013530916652,0,0
2020-03-09,-56.40426242783872,0,0
2020-03-10,-20.216606830687354,0,0
2020-03-11,-19.18921270522794,0,0
2020-03-12,-65.20809483589353,0,0
2020-03-13,-28.515148606814705,0,0
2020-03-16,-79.19282576353731,0,0
2020-03-17,-71.45271947547113,0,0
2020-03-18,-76.63041161827766,0,0
2020-03-19,-45.29384870496353,0,0
2020-03-20,-51.985730869435365,0,0
2020-03-23,-99.94300740150507,0,1
2020-03-24,-15.436209623535103,0,0
2020-03-25,30.08153209081112,0,0
2020-03-26,32.594862990779575,0,0
2020-03-27,31.6086276185179,0,0
2020-03-30,34.61547498331253,0,0
2020-03-31,54.00247281464795,0,0
2020-04-01,8.879625695201476,0,0
2020-04-02,1.228010211396252,0,0
2020-04-03,11.238269523413797,0,0
2020-04-06,60.26947693066995,0,0
2020-04-07,89.63480194804355,1,0
2020-04-08,77.65254899510333,0,0
2020-04-09,82.49894800234273,1,0
2020-04-13,83.39729691902932,1,0
2020-04-14,99.99999999999817,1,0
2020-04-15,90.51708590563175,1,0
2020-04-16,86.8573868857724,1,0
2020-04-17,68.68600674463244,0,0
2020-04-20,55.86853444036304,0,0
2020-04-21,30.09587721299659,0,0
2020-04-22,39.97235412646333,0,0
2020-04-23,49.74641533482966,0,0
2020-04-24,50.42598673800477,0,0
2020-04-27,53.55079787595335,0,0
2020-04-28,51.1956145704186,0,0
2020-04-29,61.812653095317906,0,0
2020-04-30,70.21549076601077,0,0
2020-05-01,69.6290597259773,0,0
2020-05-04,54.789930283204484,0,0
2020-05-05,74.47203195732668,0,0
2020-05-06,78.23552702027914,0,0
2020-05-07,78.83632066349472,0,0
2020-05-08,82.19556204759995,1,0
2020-05-11,88.43777368742312,1,0
2020-05-12,91.57211817911131,1,0
2020-05-13,66.99761363407539,0,0
2020-05-14,47.75070076366457,0,0
2020-05-15,38.452389025507614,0,0
2020-05-18,64.38080757523545,0,0
2020-05-19,67.70846484465622,0,0
2020-05-20,68.34163436229464,0,0
2020-05-21,64.80426050553865,0,0
2020-05-22,55.65525725351814,0,0
2020-05-26,63.173096222754765,0,0
2020-05-27,43.69777776396393,0,0
2020-05-28,53.26726642478339,0,0
2020-05-29,47.766114195001016,0,0
2020-06-01,47.02597934170634,0,0
2020-06-02,47.56953993685337,0,0
2020-06-03,53.644942770597964,0,0
2020-06-04,47.42406372213067,0,0
2020-06-05,56.134776152313364,0,0
2020-06-08,59.696812516591365,0,0
2020-06-09,78.81995130573534,0,0
2020-06-10,99.99999999999821,1,0
2020-06-11,72.86539098199587,0,0
2020-06-12,60.59228173622098,0,0
2020-06-15,48.45740168484093,0,0
2020-06-16,72.26531067904729,0,0
2020-06-17,78.73947797349439,0,0
2020-06-18,65.5772123009929,0,0
2020-06-19,59.81836922546242,0,0
2020-06-22,66.22782981235905,0,0
2020-06-23,96.47550658082832,1,0
2020-06-24,77.6840088705105,0,0
2020-06-25,61.67689002702391,0,0
2020-06-26,53.428226439042,0,0
2020-06-29,39.93925736336304,0,0
2020-06-30,54.9283306440274,0,0
2020-07-01,58.96944587317701,0,0
2020-07-02,60.09095989059378,0,0
2020-07-06,71.65646390718994,0,0
2020-07-07,74.19356235434651,0,0
2020-07-08,76.53947573885787,0,0
2020-07-09,78.13455566581946,0,0
2020-07-10,67.89480700062505,0,0
2020-07-13,88.58771440263217,1,0
2020-07-14,53.36940077729875,0,0
2020-07-15,75.55186051107121,0,0
2020-07-16,54.34206841412025,0,0
2020-07-17,48.27638277865216,0,0
2020-07-20,51.99425726904383,0,0
2020-07-21,57.82321056914898,0,0
2020-07-22,44.58783090616427,0,0
2020-07-23,13.852532080133695,0,0
2020-07-24,-28.04014450322473,0,0
2020-07-27,12.782414215526146,0,0
2020-07-28,11.59832661006176,0,0
2020-07-29,18.427180151538728,0,0
2020-07-30,23.371320804610598,0,0
2020-07-31,99.55141342977245,1,0
2020-08-03,99.9999999999988,1,0
2020-08-04,83.46974183187126,1,0
2020-08-05,70.63851181017263,0,0
2020-08-06,77.79513809735306,0,0
2020-08-07,65.89192601839036,0,0
2020-08-10,53.63965824092687,0,0
2020-08-11,37.61927778399863,0,0
2020-08-12,37.64658408868873,0,0
2020-08-13,57.48642419737074,0,0
2020-08-14,39.09508155126718,0,0
2020-08-17,41.119563282345155,0,0
2020-08-18,33.13209380684707,0,0
2020-08-19,39.409742003444805,0,0
2020-08-20,36.63042039597598,0,0
2020-08-21,68.69904849376104,0,0
2020-08-24,94.23384632283664,1,0
2020-08-25,60.47139674213646,0,0
2020-08-26,66.10599046571721,0,0
2020-08-27,53.40844394241384,0,0
2020-08-28,44.29370989577668,0,0
2020-08-31,-99.9999999999997,0,1
2020-09-01,-74.94616328256927,0,0
2020-09-02,-55.2127583061156,0,0
2020-09-03,-41.65498788266177,0,0
2020-09-04,-30.279884457712157,0,0
2020-09-08,-16.94239532767383,0,0
2020-09-09,-4.2365551391104646,0,0
2020-09-10,5.9659810650974645,0,0
2020-09-11,13.074885305784873,0,0
2020-09-14,21.901994570403993,0,0
2020-09-15,29.71513461009387,0,0
2020-09-16,34.584330088501744,0,0
2020-09-17,37.99062154300674,0,0
2020-09-18,41.841898993948234,0,0
2020-09-21,44.852366443475034,0,0
2020-09-22,50.75570103579441,0,0
2020-09-23,53.152892069821036,0,0
2020-09-24,54.893317915323216,0,0
2020-09-25,58.38060262758361,0,0
2020-09-28,62.28517215515437,0,0
2020-09-29,63.97588772254852,0,0
2020-09-30,65.67776233431644,0,0
2020-10-01,67.3594093012164,0,0
2020-10-02,66.7296359574596,0,0
2020-10-05,68.14405267338695,0,0
2020-10-06,68.45228229936333,0,0
2020-10-07,69.41295681309003,0,0
2020-10-08,70.2936089926873,0,0
2020-10-09,70.8461027110609,0,0
2020-10-12,74.09700150235302,0,0
2020-10-13,74.2392381410074,0,0
2020-10-14,73.53956281246198,0,0
2020-10-15,72.61208146680767,0,0
2020-10-16,73.0416608396724,0,0
2020-10-19,72.1646011916001,0,0
2020-10-20,71.94039907441615,0,0
2020-10-21,72.3135720495027,0,0
2020-10-22,71.8575377929184,0,0
2020-10-23,71.63630004590809,0,0
2020-10-26,71.47964024810449,0,0
2020-10-27,72.26361071226339,0,0
2020-10-28,71.24224733810127,0,0
2020-10-29,72.09915963216625,0,0
2020-10-30,70.00322147935955,0,0
2020-11-02,70.0389164221193,0,0
2020-11-03,70.99917757514122,0,0
2020-11-04,73.13917677881213,0,0
2020-11-05,75.21741259429388,0,0
2020-11-06,74.59460951724003,0,0
2020-11-09,75.28553326907942,0,0
2020-11-10,73.45545257057908,0,0
2020-11-11,74.40031140158975,0,0
2020-11-12,75.0332233792619,0,0
2020-11-13,74.37922516118718,0,0
2020-11-16,74.56945611484178,0,0
2020-11-17,74.55953716313755,0,0
2020-11-18,74.00871418638164,0,0
2020-11-19,73.37560881799226,0,0
2020-11-20,73.46749377705203,0,0
2020-11-23,72.41406682292761,0,0
2020-11-24,71.73542505368577,0,0
2020-11-25,72.80560508563929,0,0
2020-11-27,73.335642519798,0,0
2020-11-30,74.31413158357194,0,0
2020-12-01,75.51599581093367,0,0
2020-12-02,75.34399873409006,0,0
2020-12-03,75.50669166551958,0,0
2020-12-04,74.8101797636323,0,0
2020-12-07,75.18243825606707,0,0
2020-12-08,75.21553511589994,0,0
2020-12-09,74.79900569327732,0,0
2020-12-10,73.7830324734569,0,0
2020-12-11,73.48999177387373,0,0
2020-12-14,73.90728711055459,0,0
2020-12-15,75.44307295224513,0,0
2020-12-16,75.85525860399818,0,0
2020-12-17,76.19079714295599,0,0
2020-12-18,75.27657723398002,0,0
2020-12-21,73.96857428808985,0,0
2020-12-22,76.93240548967383,0,0
2020-12-23,76.29858271712556,0,0
2020-12-24,76.25322260422988,0,0
2020-12-28,77.31321781092355,0,0
2020-12-29,77.46740717870634,0,0
2020-12-30,76.06594085147535,0,0
2020-12-31,75.01037235031393,0,0
2021-01-04,73.31767742043675,0,0
2021-01-05,73.20613990678757,0,0
2021-01-06,72.69523489727308,0,0
2021-01-07,73.19739520177825,0,0
2021-01-08,74.00199397372583,0,0
2021-01-11,72.90047884971656,0,0
2021-01-12,72.38388097981016,0,0
2021-01-13,73.27345942180055,0,0
2021-01-14,73.30811909864819,0,0
2021-01-15,72.78675487102505,0,0
2021-01-19,72.46922885919244,0,0
2021-01-20,73.7903070239895,0,0
2021-01-21,76.72094805689821,0,0
2021-01-22,76.54106737326907,0,0
2021-01-25,78.76372830865111,0,0
2021-01-26,79.30871224309669,0,0
2021-01-27,78.45071260549867,0,0
2021-01-28,76.59263330277794,0,0
2021-01-29,73.49939619934165,0,0
2021-02-01,73.41280173630184,0,0
2021-02-02,74.76381121910744,0,0
2021-02-03,74.40606032614158,0,0
2021-02-04,74.96456058272086,0,0
2021-02-05,75.22811758808933,0,0
2021-02-08,74.71141710603246,0,0
2021-02-09,75.21550666852335,0,0
2021-02-10,74.5638326288275,0,0
2021-02-11,74.25051554053533,0,0
2021-02-12,74.00222297967832,0,0
2021-02-16,80.0438279460591,1,0
2021-02-17,78.27817578445682,0,0
2021-02-18,80.29583925154904,1,0
2021-02-19,83.32342876305171,1,0
2021-02-22,90.95824281273974,1,0
2021-02-23,86.33426644541052,1,0
2021-02-24,86.16356963357234,1,0
2021-02-25,85.47967858452675,1,0
2021-02-26,84.5836086691632,1,0
2021-03-01,85.3416344657804,1,0
2021-03-02,85.7545563712591,1,0
2021-03-03,80.08922502693265,1,0
2021-03-04,74.91908700647237,0,0
2021-03-05,69.56192032922979,0,0
2021-03-08,64.86308579697227,0,0
2021-03-09,66.83134233372205,0,0
2021-03-10,66.61048799170297,0,0
2021-03-11,68.08752243757621,0,0
2021-03-12,59.081901423773175,0,0
2021-03-15,58.36871088996867,0,0
2021-03-16,69.72056698407204,0,0
2021-03-17,57.61677897885706,0,0
2021-03-18,39.3769062431341,0,0
2021-03-19,19.826460457181184,0,0
2021-03-22,21.343005674763774,0,0
2021-03-23,21.499195276992754,0,0
2021-03-24,1.8298794392611395,0,0
2021-03-25,-6.844580453345994,0,0
2021-03-26,-14.074224810208719,0,0
2021-03-29,-1.3842094194439714,0,0
2021-03-30,-21.445911724038258,0,0
2021-03-31,3.716951888656828,0,0
2021-04-01,12.47245554675167,0,0
2021-04-05,21.212566708414638,0,0
2021-04-06,34.34563494890224,0,0
2021-04-07,29.257106411806944,0,0
2021-04-08,50.85903402275672,0,0
2021-04-09,58.85743284598853,0,0
2021-04-12,55.4302395511806,0,0
2021-04-13,60.893529510288666,0,0
2021-04-14,54.89240157064886,0,0
2021-04-15,55.498963444420895,0,0
2021-04-16,44.18308908071173,0,0
2021-04-19,41.619771539863706,0,0
2021-04-20,30.281944850491513,0,0
2021-04-21,13.225761837765427,0,0
2021-04-22,14.855110724960198,0,0
2021-04-23,19.748475222286604,0,0
2021-04-26,21.87660230672888,0,0
2021-04-27,23.240958409863026,0,0
2021-04-28,13.999198591315494,0,0
2021-04-29,21.452820533645696,0,0
2021-04-30,-4.36097144975855,0,0
2021-05-03,2.3586159572033907,0,0
2021-05-04,-31.705283618805822,0,0
2021-05-05,-26.002304655555747,0,0
2021-05-06,-31.955397256033898,0,0
2021-05-07,-10.031558007199877,0,0
2021-05-10,-27.386962844249286,0,0
2021-05-11,-60.160639766658754,0,0
2021-05-12,-62.052708452274786,0,0
2021-05-13,-37.43825970185084,0,0
2021-05-14,-17.927966029287585,0,0
2021-05-17,-24.071398918587647,0,0
2021-05-18,-21.111043826727162,0,0
2021-05-19,-38.695952144334,0,0
2021-05-20,-11.218839215287325,0,0
2021-05-21,-6.451604499605912,0,0
2021-05-24,-3.3416248660131096,0,0
2021-05-25,0.914049996948652,0,0
2021-05-26,-3.8574556699614018,0,0
2021-05-27,-6.656608372398569,0,0
2021-05-28,-17.01845105567314,0,0
2021-06-01,-19.560495248318126,0,0
2021-06-02,-18.058828712465058,0,0
2021-06-03,-21.359098644414832,0,0
2021-06-04,-10.373423376896298,0,0
2021-06-07,-4.797233882944713,0,0
2021-06-08,13.189818414339745,0,0
2021-06-09,8.751676731799003,0,0
2021-06-10,8.330466096602251,0,0
2021-06-11,2.846551389434076,0,0
2021-06-14,19.70893617559174,0,0
2021-06-15,27.52910372982078,0,0
2021-06-16,20.269679465929446,0,0
2021-06-17,29.83213125977016,0,0
2021-06-18,23.307245666378023,0,0
2021-06-21,17.84739059536654,0,0
2021-06-22,32.41036145082251,0,0
2021-06-23,35.96366290792506,0,0
2021-06-24,31.645923967755802,0,0
2021-06-25,23.013020915993366,0,0
2021-06-28,28.090407178087784,0,0
2021-06-29,33.31937462190621,0,0
2021-06-30,39.27181249614337,0,0
2021-07-01,31.701529969172768,0,0
2021-07-02,47.708776511009745,0,0
2021-07-06,66.52339787732905,0,0
2021-07-07,76.20375837884507,0,0
2021-07-08,51.615611987323476,0,0
2021-07-09,59.71681626513363,0,0
2021-07-12,61.597425631594874,0,0
2021-07-13,57.168257007283316,0,0
2021-07-14,76.67290545810063,0,0
2021-07-15,65.85037429067579,0,0
2021-07-16,62.48887718219072,0,0
2021-07-19,8.407607155661257,0,0
2021-07-20,32.9673240632425,0,0
2021-07-21,30.71769979469842,0,0
2021-07-22,46.48949552152202,0,0
2021-07-23,48.3352953117096,0,0
2021-07-26,53.14911056990056,0,0
2021-07-27,34.89268051106373,0,0
2021-07-28,3.6362346073460947,0,0
2021-07-29,10.427970202083152,0,0
2021-07-30,5.568791091631192,0,0
2021-08-02,15.809615408700626,0,0
2021-08-03,20.324820535263136,0,0
2021-08-04,21.978020498558898,0,0
2021-08-05,19.78969991871896,0,0
2021-08-06,11.45042206184339,0,0
2021-08-09,7.777859403240129,0,0
2021-08-10,14.838416100152857,0,0
2021-08-11,8.924161875821373,0,0
2021-08-12,22.822368278151572,0,0
2021-08-13,26.67069020370794,0,0
2021-08-16,17.211897990651636,0,0
2021-08-17,30.85467146766299,0,0
2021-08-18,5.58420322816432,0,0
2021-08-19,-25.703660122617592,0,0
2021-08-20,-7.541624436373674,0,0
2021-08-23,9.14333953260273,0,0
2021-08-24,19.560465251984503,0,0
2021-08-25,5.344280477636593,0,0
2021-08-26,-8.610180441379272,0,0
2021-08-27,-17.779499634415778,0,0
2021-08-30,22.626487351915483,0,0
2021-08-31,30.808960132349426,0,0
2021-09-01,49.01385021791703,0,0
2021-09-02,39.16209724547966,0,0
2021-09-03,35.10309815209728,0,0
2021-09-07,53.315473342007195,0,0
2021-09-08,41.12694239198929,0,0
2021-09-09,29.331669854601223,0,0
2021-09-10,-7.904727487409945,0,0
2021-09-13,-34.97084291701209,0,0
2021-09-14,-44.44965205518329,0,0
2021-09-15,-57.17684674402375,0,0
2021-09-16,-50.470713727467384,0,0
2021-09-17,-53.37269297093824,0,0
2021-09-20,-99.10983213850776,0,1
2021-09-21,-79.16812472880824,0,0
2021-09-22,-53.37036269250885,0,0
2021-09-23,-32.2700597391314,0,0
2021-09-24,-28.016793287357643,0,0
2021-09-27,-47.68145254466191,0,0
2021-09-28,-61.4365942729339,0,0
2021-09-29,-53.78431258161094,0,0
2021-09-30,-50.4131756934615,0,0
2021-10-01,-71.59377916717493,0,0
2021-10-04,-71.18350821192186,0,0
2021-10-05,-56.77800326569364,0,0
2021-10-06,-60.70298086061105,0,0
2021-10-07,-12.829598210119148,0,0
2021-10-08,-12.853386918395831,0,0
2021-10-11,-11.78081459386317,0,0
2021-10-12,-25.759678231421812,0,0
2021-10-13,-48.924951876083156,0,0
2021-10-14,-14.748118043663938,0,0
2021-10-15,3.7340026059374147,0,0
2021-10-18,9.985437246739275,0,0
2021-10-19,42.25841149347649,0,0
2021-10-20,48.18728834577918,0,0
2021-10-21,36.569074356618906,0,0
2021-10-22,40.1209646474597,0,0
2021-10-25,21.246037667755886,0,0
2021-10-26,36.79968535743403,0,0
2021-10-27,20.157918438789107,0,0
2021-10-28,44.96346096548574,0,0
2021-10-29,-8.016486903291021,0,0
2021-11-01,-2.396097592035207,0,0
2021-11-02,14.818371469991625,0,0
2021-11-03,20.12322017347326,0,0
2021-11-04,25.31374482644787,0,0
2021-11-05,15.007500709825432,0,0
2021-11-08,8.600273146882271,0,0
2021-11-09,4.203318852242566,0,0
2021-11-10,-18.22496914899439,0,0
2021-11-11,-21.79434903839329,0,0
2021-11-12,-16.959524637531068,0,0
2021-11-15,7.366190845320576,0,0
2021-11-16,0.4684796944823484,0,0
2021-11-17,32.452931601108936,0,0
2021-11-18,60.83590338225116,0,0
2021-11-19,83.83642457812803,1,0
2021-11-22,99.99999999999388,1,0
2021-11-23,49.93613486242154,0,0
2021-11-24,43.422745572709246,0,0
2021-11-26,9.335286420040646,0,0
2021-11-29,22.311608291878226,0,0
2021-11-30,41.17465825944676,0,0
2021-12-01,88.69946745392957,1,0
2021-12-02,-2.1084759295349595,0,0
2021-12-03,10.769540844091162,0,0
2021-12-06,49.023278552475524,0,0
2021-12-07,80.1164728962696,1,0
2021-12-08,98.21618166578372,1,0
2021-12-09,95.90892791576755,1,0
2021-12-10,93.06048428889216,1,0
2021-12-13,91.05867530120724,1,0
2021-12-14,37.40147661013426,0,0
2021-12-15,31.792459355727722,0,0
2021-12-16,28.461036368031554,0,0
2021-12-17,-20.96916837572442,0,0
2021-12-20,-48.88555484624598,0,0
2021-12-21,-28.255776210143217,0,0
2021-12-22,-2.7349016897764145,0,0
2021-12-23,14.133050959925248,0,0
2021-12-27,32.02150207639679,0,0
2021-12-28,36.50299433968088,0,0
2021-12-29,22.10489581746011,0,0
2021-12-30,16.17772728766812,0,0
2021-12-31,0.19130787745300637,0,0
2022-01-03,13.023349642758347,0,0
2022-01-04,16.748745998701487,0,0
2022-01-05,-22.495101027680747,0,0
2022-01-06,-60.3029387823388,0,0
2022-01-07,-64.52515597553798,0,0
2022-01-10,-85.72466157168677,0,1
2022-01-11,-55.131395066257426,0,0
2022-01-12,-20.841962560406003,0,0
2022-01-13,-37.677044816574664,0,0
2022-01-14,-54.994031843339705,0,0
2022-01-18,-64.74522071991689,0,0
2022-01-19,-81.88871337531563,0,1
2022-01-20,-87.37291494401452,0,1
2022-01-21,-99.99999999999416,0,1
2022-01-24,-99.99999999999577,0,1
2022-01-25,-76.49604307648968,0,0
2022-01-26,-55.313207253215765,0,0
2022-01-27,-46.71276506205385,0,0
2022-01-28,-1.8462566973778793,0,0
2022-01-31,38.85192704684971,0,0
2022-02-01,41.57265437824093,0,0
2022-02-02,42.07629404904834,0,0
2022-02-03,34.56275507008118,0,0
2022-02-04,15.337050710298783,0,0
2022-02-07,14.096291257155103,0,0
2022-02-08,17.57390841309891,0,0
2022-02-09,32.230646438692965,0,0
2022-02-10,11.966348443602818,0,0
2022-02-11,-10.588391380112222,0,0
2022-02-14,-30.534674348407083,0,0
2022-02-15,-0.9102802189107475,0,0
2022-02-16,-1.4376763675134132,0,0
2022-02-17,-11.878548108743914,0,0
2022-02-18,-23.517957512851446,0,0
2022-02-22,-51.48110084992484,0,0
2022-02-23,-52.617996746887506,0,0
2022-02-24,-89.74484485467576,0,1
2022-02-25,-39.52595898625321,0,0
2022-02-28,-29.183103622175853,0,0
2022-03-01,-20.93619841435807,0,0
2022-03-02,-13.386729575242967,0,0
2022-03-03,4.899084012203664,0,0
2022-03-04,-21.205748317893292,0,0
2022-03-07,-28.23281281318385,0,0
2022-03-08,-42.519324967888274,0,0
2022-03-09,-23.954144551136558,0,0
2022-03-10,-45.85987695397119,0,0
2022-03-11,-47.15112197752855,0,0
2022-03-14,-76.07401777095347,0,0
2022-03-15,-61.59311232131726,0,0
2022-03-16,-23.64546646034243,0,0
2022-03-17,-6.961829104706451,0,0
2022-03-18,13.467038590566633,0,0
2022-03-21,29.80104603347666,0,0
2022-03-22,43.04169457987953,0,0
2022-03-23,60.00382783347652,0,0
2022-03-24,64.77870034468397,0,0
2022-03-25,68.69738790261776,0,0
2022-03-28,56.50461233154045,0,0
2022-03-29,76.0128756104722,0,0
2022-03-30,69.82836888566186,0,0
2022-03-31,47.58037892780985,0,0
2022-04-01,18.285146844695408,0,0
2022-04-04,37.02075230275389,0,0
2022-04-05,32.540637214573195,0,0
2022-04-06,-6.300402872811589,0,0
2022-04-07,-8.404874658117068,0,0
2022-04-08,-15.87554698981885,0,0
2022-04-11,-36.561247110985946,0,0
2022-04-12,-23.737320767568047,0,0
2022-04-13,-17.23052376278269,0,0
2022-04-14,-16.79959517917412,0,0
2022-04-18,-39.21697153313954,0,0
2022-04-19,-29.757472859189452,0,0
2022-04-20,-13.650092661796371,0,0
2022-04-21,1.0112785032172225,0,0
2022-04-22,-26.424574095797936,0,0
2022-04-25,-55.57313215722684,0,0
2022-04-26,-54.62168534879707,0,0
2022-04-27,-61.55144523842856,0,0
2022-04-28,-23.737609723334764,0,0
2022-04-29,-14.71632570396445,0,0
2022-05-02,-62.376453872027426,0,0
2022-05-03,-34.40335508457865,0,0
2022-05-04,0.5758491329187931,0,0
2022-05-05,-21.30412390357045,0,0
2022-05-06,-40.99145840576014,0,0
2022-05-09,-58.17864916279542,0,0
2022-05-10,-41.41791247983763,0,0
2022-05-11,-61.368296312603405,0,0
2022-05-12,-99.99999999999613,0,1
2022-05-13,-65.86452989011424,0,0
2022-05-16,-54.46828354628575,0,0
2022-05-17,-30.742140382547756,0,0
2022-05-18,-54.389782554082586,0,0
2022-05-19,-76.50613035561929,0,0
2022-05-20,-83.35067567939848,0,1
2022-05-23,-47.79253963067184,0,0
2022-05-24,-47.16823027965118,0,0
2022-05-25,-37.81940004905515,0,0
2022-05-26,-29.74377755293679,0,0
2022-05-27,19.81223605845475,0,0
2022-05-31,26.865014762452226,0,0
2022-06-01,32.045547159772326,0,0
2022-06-02,24.81870605416722,0,0
2022-06-03,3.579906277420397,0,0
2022-06-06,17.075783081588874,0,0
2022-06-07,13.668378880675908,0,0
2022-06-08,30.76667023532404,0,0
2022-06-09,7.513157352015815,0,0
2022-06-10,-40.02342668336401,0,0
2022-06-13,-74.96293590593018,0,0
2022-06-14,-68.24315003601785,0,0
2022-06-15,-39.65418027419214,0,0
2022-06-16,-64.032539729365,0,0
2022-06-17,-47.32472378625915,0,0
2022-06-21,-9.192348418793367,0,0
2022-06-22,0.3868786534530879,0,0
2022-06-23,11.209332494101648,0,0
2022-06-24,40.58090654797762,0,0
2022-06-27,49.583100445766846,0,0
2022-06-28,36.01919056390825,0,0
2022-06-29,18.599788569605167,0,0
2022-06-30,-2.5505848313156885,0,0
2022-07-01,8.06038630090936,0,0
2022-07-05,22.67584994276288,0,0
2022-07-06,47.64649501560262,0,0
2022-07-07,60.63421086152877,0,0
2022-07-08,64.63333569838431,0,0
2022-07-11,50.56033910656076,0,0
2022-07-12,59.96992132420628,0,0
2022-07-13,33.808786021222936,0,0
2022-07-14,44.15180501574242,0,0
2022-07-15,66.03752927050239,0,0
2022-07-18,60.19402928089127,0,0
2022-07-19,51.635086806507275,0,0
2022-07-20,69.38987778212795,0,0
2022-07-21,74.49744175958868,0,0
2022-07-22,76.36348059897335,0,0
2022-07-25,60.035809178610414,0,0
2022-07-26,40.99451150212853,0,0
2022-07-27,59.27833708114977,0,0
2022-07-28,61.65248655657291,0,0
2022-07-29,96.4381429995673,1,0
2022-08-01,91.51099417759636,1,0
2022-08-02,73.25247857104472,0,0
2022-08-03,84.88694832830882,1,0
2022-08-04,91.52447277927456,1,0
2022-08-05,69.63809054560072,0,0
2022-08-08,76.73077161763649,0,0
2022-08-09,56.37385172640077,0,0
2022-08-10,77.86609054762651,0,0
2022-08-11,82.7641835057448,1,0
2022-08-12,81.78780625704988,1,0
2022-08-15,84.2855707685206,1,0
2022-08-16,77.36680733794047,0,0
2022-08-17,82.84698963297629,1,0
2022-08-18,70.44466212830855,0,0
2022-08-19,53.096533856735704,0,0
2022-08-22,17.88721231751702,0,0
2022-08-23,11.617374056910196,0,0
2022-08-24,7.848225125276465,0,0
2022-08-25,24.281545470515315,0,0
2022-08-26,14.878988696624225,0,0
2022-08-29,-33.13412841040548,0,0
2022-08-30,-33.77903053866771,0,0
2022-08-31,-35.54509407042684,0,0
2022-09-01,-48.2536567538975,0,0
2022-09-02,-27.774410596277512,0,0
2022-09-06,-39.30572769265961,0,0
2022-09-07,-34.8528402996427,0,0
2022-09-08,-32.451172792144966,0,0
2022-09-09,-13.505998554778097,0,0
2022-09-12,32.541255220471584,0,0
2022-09-13,-2.5990225732470003,0,0
2022-09-14,-13.788989533828007,0,0
2022-09-15,-24.40676164865405,0,0
2022-09-16,-47.29649648172552,0,0
2022-09-19,-25.391513635877452,0,0
2022-09-20,9.524053099248508,0,0
2022-09-21,18.597854543122352,0,0
2022-09-22,-9.565849897878298,0,0
2022-09-23,-27.759173671241733,0,0
2022-09-26,-6.530066642416848,0,0
2022-09-27,2.828732953566554,0,0
2022-09-28,-33.63741118319021,0,0
2022-09-29,-57.041246481517845,0,0
2022-09-30,-69.28395018989373,0,0
2022-10-03,-61.23441453809035,0,0
2022-10-04,-14.103845574993397,0,0
2022-10-05,-10.712418632420178,0,0
2022-10-06,3.1212508005603876,0,0
2022-10-07,-33.47665651457635,0,0
2022-10-10,-35.09971172686007,0,0
2022-10-11,-30.527013294278788,0,0
2022-10-12,-27.329018187431096,0,0
2022-10-13,-25.770987063527038,0,0
2022-10-14,1.9335621773513445,0,0
2022-10-17,3.8118249630657637,0,0
2022-10-18,23.39873112068485,0,0
2022-10-19,17.7744340865042,0,0
2022-10-20,27.244210799177353,0,0
2022-10-21,32.15555274366914,0,0
2022-10-24,51.28072828997746,0,0
2022-10-25,67.21324955785974,0,0
2022-10-26,54.64868580723581,0,0
2022-10-27,25.221505053284037,0,0
2022-10-28,70.70039304190288,0,0
2022-10-31,64.43335780483086,0,0
2022-11-01,55.510878341873266,0,0
2022-11-02,20.962005304725587,0,0
2022-11-03,-44.62518444592174,0,0
2022-11-04,-54.229602165292405,0,0
2022-11-07,-58.06080992297805,0,0
2022-11-08,-31.001675651180832,0,0
2022-11-09,-47.273070082317844,0,0
2022-11-10,5.869486824151349,0,0
2022-11-11,38.94373116817975,0,0
2022-11-14,50.683539418409225,0,0
2022-11-15,66.54832725114171,0,0
2022-11-16,35.76700539327207,0,0
2022-11-17,31.503450000604037,0,0
2022-11-18,51.25232296939188,0,0
2022-11-21,26.090514270103284,0,0
2022-11-22,18.180706576303184,0,0
2022-11-23,33.45692970082952,0,0
2022-11-25,6.418742500089486,0,0
2022-11-28,-19.42935261113514,0,0
2022-11-29,-35.859388588403775,0,0
2022-11-30,-16.162309824769647,0,0
2022-12-01,15.747751778550235,0,0
2022-12-02,3.4717038855817615,0,0
2022-12-05,18.504557385891466,0,0
2022-12-06,-15.60181190538793,0,0
2022-12-07,-40.091681506231595,0,0
2022-12-08,-28.93979987517711,0,0
2022-12-09,-13.878917148579923,0,0
2022-12-12,-18.34235477985188,0,0
2022-12-13,28.016165685494087,0,0
2022-12-14,-4.06837965193173,0,0
2022-12-15,-46.17210277733666,0,0
2022-12-16,-68.19201764203638,0,0
2022-12-19,-79.987589332631,0,0
2022-12-20,-85.69491398054879,0,1
2022-12-21,-44.41226701003237,0,0
2022-12-22,-59.57802745907998,0,0
2022-12-23,-65.62039902946894,0,0
2022-12-27,-65.2685797367581,0,0
2022-12-28,-67.2205682390601,0,0
2022-12-29,-52.603839117730814,0,0
2022-12-30,-50.72650851243567,0,0
2023-01-03,-49.90840953103899,0,0
2023-01-04,-48.649060969930005,0,0
2023-01-05,-45.50895415402493,0,0
2023-01-06,-28.928658022845916,0,0
2023-01-09,15.47687584626085,0,0
2023-01-10,-5.901189794187068,0,0
2023-01-11,14.797424108904616,0,0
2023-01-12,20.68305977784149,0,0
2023-01-13,20.59967419972452,0,0
2023-01-17,40.7942661263432,0,0
2023-01-18,48.75785679791142,0,0
2023-01-19,25.327927039137606,0,0
2023-01-20,32.48417217949793,0,0
2023-01-23,71.46740065270409,0,0
2023-01-24,71.68417290385275,0,0
2023-01-25,50.863538165306224,0,0
2023-01-26,68.58383138456594,0,0
2023-01-27,79.63556558605063,0,0
2023-01-30,62.30802030936783,0,0
2023-01-31,44.810517079215956,0,0
2023-02-01,44.56524991898797,0,0
2023-02-02,92.49045382283836,1,0
2023-02-03,87.82847133989432,1,0
2023-02-06,73.6112858498166,0,0
2023-02-07,69.55894249823962,0,0
2023-02-08,61.32689917825408,0,0
2023-02-09,50.57715367655385,0,0
2023-02-10,24.770892803874446,0,0
2023-02-13,39.851844624241146,0,0
2023-02-14,30.990120495616676,0,0
2023-02-15,41.99675228994396,0,0
2023-02-16,43.56339155977507,0,0
2023-02-17,11.310821790160869,0,0
2023-02-21,-6.925842427209511,0,0
2023-02-22,-17.977283346794454,0,0
2023-02-23,-14.444257509057095,0,0
2023-02-24,-33.076813981870075,0,0
2023-02-27,-11.730189357691046,0,0
2023-02-28,-12.710069513106381,0,0
2023-03-01,-26.17022335614276,0,0
2023-03-02,-30.905539219533313,0,0
2023-03-03,5.128707581958297,0,0
2023-03-06,56.29668064646779,0,0
2023-03-07,29.698017189990914,0,0
2023-03-08,26.439186615578514,0,0
2023-03-09,22.143605554307797,0,0
2023-03-10,-7.050594188392517,0,0
2023-03-13,3.2627061374394026,0,0
2023-03-14,14.02551269569916,0,0
2023-03-15,8.704489740416433,0,0
2023-03-16,26.44910151302839,0,0
2023-03-17,37.21060322083632,0,0
2023-03-20,34.14240657347305,0,0
2023-03-21,45.60540542237693,0,0
2023-03-22,59.7379906734086,0,0
2023-03-23,49.580575490600324,0,0
2023-03-24,35.322401518127386,0,0
2023-03-27,33.2289275448748,0,0
2023-03-28,8.612312840173775,0,0
2023-03-29,33.85857874392536,0,0
2023-03-30,43.82304136693526,0,0
2023-03-31,49.344187000593834,0,0
2023-04-03,57.97329036065102,0,0
2023-04-04,57.0481567356375,0,0
2023-04-05,24.350366504439652,0,0
2023-04-06,19.512152538770515,0,0
2023-04-10,-6.947757207632765,0,0
2023-04-11,-2.0356781592265616,0,0
2023-04-12,-5.989871084044513,0,0
2023-04-13,15.511859621437345,0,0
2023-04-14,26.899890693952248,0,0
2023-04-17,19.230787009271307,0,0
2023-04-18,32.95058509427997,0,0
2023-04-19,29.592468842400862,0,0
2023-04-20,24.12049762027274,0,0
2023-04-21,9.724928076025218,0,0
2023-04-24,0.5368341900330584,0,0
2023-04-25,3.941525287486309,0,0
2023-04-26,-5.666934895419451,0,0
2023-04-27,18.209933719199455,0,0
2023-04-28,33.02840820209501,0,0
2023-05-01,32.89201149846019,0,0
2023-05-02,21.833785047852466,0,0
2023-05-03,20.627825386636204,0,0
2023-05-04,-15.011687291612773,0,0
2023-05-05,49.864455338297326,0,0
2023-05-08,46.89648973308803,0,0
2023-05-09,36.89444987016181,0,0
2023-05-10,33.89628831581008,0,0
2023-05-11,31.735791875665708,0,0
2023-05-12,17.948233919222876,0,0
2023-05-15,13.989469872240733,0,0
2023-05-16,13.339799259483595,0,0
2023-05-17,0.8352735364486001,0,0
2023-05-18,19.511729703496155,0,0
2023-05-19,34.34696216324924,0,0
2023-05-22,13.638605724210045,0,0
2023-05-23,-5.249867109880442,0,0
2023-05-24,-14.10884530612531,0,0
2023-05-25,-0.8755908730076136,0,0
2023-05-26,12.416517650168801,0,0
2023-05-30,42.77671773496866,0,0
2023-05-31,39.875562321014286,0,0
2023-06-01,35.44770072938874,0,0
2023-06-02,48.69140052101882,0,0
2023-06-05,50.65697904187521,0,0
2023-06-06,18.51919093184527,0,0
2023-06-07,21.188162492388294,0,0
2023-06-08,14.435330472391216,0,0
2023-06-09,35.24160677909985,0,0
2023-06-12,36.45099686079332,0,0
2023-06-13,39.68418759022094,0,0
2023-06-14,26.2065803527254,0,0
2023-06-15,39.14106459305481,0,0
2023-06-16,38.02907125349272,0,0
2023-06-20,28.176716839234786,0,0
2023-06-21,6.005919109998198,0,0
2023-06-22,11.758788888171962,0,0
2023-06-23,16.956656842747826,0,0
2023-06-26,15.617224141501628,0,0
2023-06-27,8.584514564288037,0,0
2023-06-28,21.827286616659137,0,0
2023-06-29,22.215922177418825,0,0
2023-06-30,50.56344968886209,0,0
2023-07-03,39.30521282664816,0,0
2023-07-05,14.685212759272304,0,0
2023-07-06,-12.844337083814954,0,0
2023-07-07,-3.7550858018079047,0,0
2023-07-10,-50.36773258489502,0,0
2023-07-11,-57.45753795231532,0,0
2023-07-12,-27.410733700088354,0,0
2023-07-13,-21.863061302057208,0,0
2023-07-14,-26.859046057730396,0,0
2023-07-17,3.1754513695224693,0,0
2023-07-18,0.9035297317204041,0,0
2023-07-19,17.31513169851701,0,0
2023-07-20,0.5896346056639135,0,0
2023-07-21,-21.962050338686183,0,0
2023-07-24,-15.547062745552271,0,0
2023-07-25,-16.443697038628812,0,0
2023-07-26,-10.772467801097141,0,0
2023-07-27,-10.041666815825634,0,0
2023-07-28,9.522790433535294,0,0
2023-07-31,18.355469205439494,0,0
2023-08-01,15.698963241346856,0,0
2023-08-02,-32.39117221342333,0,0
2023-08-03,-63.57584453647452,0,0
2023-08-04,-99.99999999999312,0,1
2023-08-07,-99.99999999999427,0,1
2023-08-08,-90.90479718322614,0,1
2023-08-09,-74.32621863116914,0,0
2023-08-10,-57.75753898327888,0,0
2023-08-11,-63.53684663013101,0,0
2023-08-14,-44.64027915501231,0,0
2023-08-15,-36.98857965697452,0,0
2023-08-16,-35.28887397271092,0,0
2023-08-17,-45.73984182998557,0,0
2023-08-18,-58.00268148182977,0,0
2023-08-21,-34.884575215774746,0,0
2023-08-22,-7.567136398138723,0,0
2023-08-23,24.17692989579635,0,0
2023-08-24,13.321964098341534,0,0
2023-08-25,1.8188791958971327,0,0
2023-08-28,24.186749729570003,0,0
2023-08-29,47.20905715823393,0,0
2023-08-30,82.50852415469333,1,0
2023-08-31,90.37498881685949,1,0
2023-09-01,87.98332964154415,1,0
2023-09-05,74.39015931390878,0,0
2023-09-06,35.45227779458519,0,0
2023-09-07,-60.601957816233394,0,0
2023-09-08,-18.453399822314104,0,0
2023-09-11,-16.241429334725606,0,0
2023-09-12,-22.704898708865006,0,0
2023-09-13,-33.342709994033825,0,0
2023-09-14,-35.79820106660671,0,0
2023-09-15,-25.28206554010714,0,0
2023-09-18,5.885630689356508,0,0
2023-09-19,12.276475198000592,0,0
2023-09-20,8.258728245336162,0,0
2023-09-21,-13.118623476585379,0,0
2023-09-22,-2.982559661284673,0,0
2023-09-25,-1.043729202349641,0,0
2023-09-26,-17.027139480188374,0,0
2023-09-27,-34.688993744173075,0,0
2023-09-28,-40.819048830175284,0,0
2023-09-29,-14.060353407813148,0,0
2023-10-02,-2.500485339007369,0,0
2023-10-03,-3.9263561290909577,0,0
2023-10-04,1.02077020765135,0,0
2023-10-05,16.378360289401257,0,0
2023-10-06,28.91269036389094,0,0
2023-10-09,42.90248726354381,0,0
2023-10-10,53.82529556512952,0,0
2023-10-11,46.40269502008937,0,0
2023-10-12,61.96184852858621,0,0
2023-10-13,51.55679490915294,0,0
2023-10-16,23.567827838475296,0,0
2023-10-17,10.59552175280406,0,0
2023-10-18,9.555055568861942,0,0
2023-10-19,13.974916306378287,0,0
2023-10-20,-8.061769143491187,0,0
2023-10-23,-26.098975771450014,0,0
2023-10-24,-16.036849034665,0,0
2023-10-25,-17.247644750668357,0,0
2023-10-26,-42.18749604876626,0,0
2023-10-27,-41.303941435043605,0,0
2023-10-30,-13.000309809629979,0,0
2023-10-31,-16.902548147574564,0,0
2023-11-01,12.37631806649329,0,0
2023-11-02,54.93844959012794,0,0
2023-11-03,32.80047166696892,0,0
2023-11-06,55.439077523114356,0,0
2023-11-07,77.04361940539411,0,0
2023-11-08,86.13488805891917,1,0
2023-11-09,82.28657808717765,1,0
2023-11-10,92.15575737918185,1,0
2023-11-13,83.27156332631016,1,0
2023-11-14,93.02099894252652,1,0
2023-11-15,95.20229462853561,1,0
2023-11-16,96.0176556261718,1,0
2023-11-17,81.65198567428189,1,0
2023-11-20,85.6380393320498,1,0
2023-11-21,73.66409993568772,0,0
2023-11-22,78.77272858131488,0,0
2023-11-24,55.107200206322084,0,0
2023-11-27,47.19888308484059,0,0
2023-11-28,47.30100749853331,0,0
2023-11-29,48.28531497576477,0,0
2023-11-30,30.344081811064203,0,0
2023-12-01,38.45509876445257,0,0
2023-12-04,18.6488470263404,0,0
2023-12-05,51.772807793640546,0,0
2023-12-06,59.49618532584804,0,0
2023-12-07,61.82288146580542,0,0
2023-12-08,60.00472424924904,0,0
2023-12-11,29.96242969476984,0,0
2023-12-12,33.76091543215327,0,0
2023-12-13,60.51119982655494,0,0
2023-12-14,68.78649575623174,0,0
2023-12-15,59.55934740108282,0,0
2023-12-18,32.230049538847666,0,0
2023-12-19,37.8644578142644,0,0
2023-12-20,36.16536182610443,0,0
2023-12-21,25.39673344016977,0,0
2023-12-22,14.106180686272602,0,0
2023-12-26,6.395399728159845,0,0
2023-12-27,-3.4408401748755537,0,0
2023-12-28,15.242922996853785,0,0
2023-12-29,8.338084329940203,0,0
2024-01-02,-56.26080273838969,0,0
2024-01-03,-61.19815079564413,0,0
2024-01-04,-76.7616142441176,0,0
2024-01-05,-68.76261204691455,0,0
2024-01-08,-39.50552469755674,0,0
2024-01-09,-30.47645783689528,0,0
2024-01-10,-13.789163455896913,0,0
2024-01-11,-8.032056926480985,0,0
2024-01-12,0.9031034415178105,0,0
2024-01-16,-30.72579553076887,0,0
2024-01-17,-35.721959655868716,0,0
2024-01-18,27.00143213944633,0,0
2024-01-19,52.1267928961753,0,0
2024-01-22,80.52015658893743,1,0
2024-01-23,80.78656652327109,1,0
2024-01-24,79.1385063375673,0,0
2024-01-25,65.4739914876235,0,0
2024-01-26,47.270728964653586,0,0
2024-01-29,14.31967831436564,0,0
2024-01-30,-1.4883284224543543,0,0
2024-01-31,-43.746610621571094,0,0
2024-02-01,-43.323987185465285,0,0
2024-02-02,-63.27907925403552,0,0
2024-02-05,-7.723889248299859,0,0
2024-02-06,-2.585190864263953,0,0
2024-02-07,18.956849864570536,0,0
2024-02-08,2.2392471809368377,0,0
2024-02-09,9.081924872681956,0,0
2024-02-12,-4.197773774508756,0,0
2024-02-13,-34.54154735459547,0,0
2024-02-14,-38.967581660717215,0,0
2024-02-15,-46.196661499718104,0,0
2024-02-16,-33.88196770141931,0,0
2024-02-20,-51.55278355274431,0,0
2024-02-21,-38.626846171911545,0,0
2024-02-22,-12.522817414707525,0,0
2024-02-23,-8.905701242703223,0,0
2024-02-26,-27.168955721521016,0,0
2024-02-27,-23.69353541657135,0,0
2024-02-28,-20.676338584244224,0,0
2024-02-29,-22.873319635381876,0,0
2024-03-01,-43.15330601440343,0,0
2024-03-04,-75.75954173336348,0,0
2024-03-05,-99.99999999999412,0,1
2024-03-06,-92.66754250292279,0,1
2024-03-07,-81.35002961357773,0,1
2024-03-08,-50.192942138446796,0,0
2024-03-11,-21.76452631750397,0,0
2024-03-12,-25.4840832147898,0,0
2024-03-13,-24.80256788007787,0,0
2024-03-14,-7.183643666934191,0,0
2024-03-15,-24.229241616551406,0,0
2024-03-18,26.590101266003416,0,0
2024-03-19,14.428348259009471,0,0
2024-03-20,32.531998777054284,0,0
2024-03-21,6.482059340454892,0,0
2024-03-22,-20.97431630435851,0,0
2024-03-25,-25.686107003733216,0,0
2024-03-26,-21.43912614036114,0,0
2024-03-27,-5.220795732976914,0,0
2024-03-28,-8.174094281155424,0,0
2024-04-01,-15.315541837570045,0,0
2024-04-02,-28.029579327865235,0,0
2024-04-03,-13.957614901631004,0,0
2024-04-04,-0.346437903757546,0,0
2024-04-05,-5.842960092459682,0,0
2024-04-08,-12.837080054819722,0,0
2024-04-09,-5.0970356575443905,0,0
2024-04-10,-13.76341611590095,0,0
2024-04-11,23.091776931915543,0,0
2024-04-12,67.13306732746935,0,0
2024-04-15,45.07324874634128,0,0
2024-04-16,6.816792127836736,0,0
2024-04-17,-7.924128494433174,0,0
2024-04-18,-22.215257326849084,0,0
2024-04-19,-41.52068136338778,0,0
2024-04-22,-26.075385260396317,0,0
2024-04-23,-22.76071118940104,0,0
2024-04-24,-1.8320502820829865,0,0
2024-04-25,15.926501203696608,0,0
2024-04-26,25.97811433795336,0,0
2024-04-29,70.18806650716746,0,0
2024-04-30,44.69350256731252,0,0
2024-05-01,26.489166138036406,0,0
2024-05-02,35.94777146479859,0,0
2024-05-03,99.99999999999571,1,0
2024-05-06,65.81385871787319,0,0
2024-05-07,62.05085308740343,0,0
2024-05-08,44.89478275675088,0,0
2024-05-09,44.01887462542557,0,0
2024-05-10,38.430418155189585,0,0
2024-05-13,48.306113913861395,0,0
2024-05-14,50.885425309460125,0,0
2024-05-15,54.28584888242759,0,0
2024-05-16,56.59173371351862,0,0
2024-05-17,44.157822252653006,0,0
2024-05-20,38.95331867533696,0,0
2024-05-21,41.84208215574304,0,0
2024-05-22,32.691176210226416,0,0
2024-05-23,6.996739703052285,0,0
2024-05-24,7.378426278396105,0,0
2024-05-28,18.856613146847742,0,0
2024-05-29,13.845387658609349,0,0
2024-05-30,14.392730284411586,0,0
2024-05-31,7.739841511302709,0,0
2024-06-03,23.891197778380956,0,0
2024-06-04,21.757995204594074,0,0
2024-06-05,30.139850350410455,0,0
2024-06-06,20.769078030390492,0,0
2024-06-07,15.836861088631643,0,0
2024-06-10,6.796757204467485,0,0
2024-06-11,38.12390292007232,0,0
2024-06-12,97.43125870579051,1,0
2024-06-13,81.7553948542955,1,0
2024-06-14,62.10357447382827,0,0
2024-06-17,64.38307489318984,0,0
2024-06-18,53.29556336499097,0,0
2024-06-20,16.382141135388785,0,0
2024-06-21,-0.8458630089355932,0,0
2024-06-24,-3.193758983972028,0,0
2024-06-25,-1.8812655389169928,0,0
2024-06-26,10.876251070437622,0,0
2024-06-27,14.140528770719134,0,0
2024-06-28,3.8517736474835695,0,0
2024-07-01,7.108554331601252,0,0
2024-07-02,19.19443836108033,0,0
2024-07-03,29.30198404550267,0,0
2024-07-05,42.158597419037534,0,0
2024-07-08,39.96643232758716,0,0
2024-07-09,45.74989815203932,0,0
2024-07-10,54.59121761226459,0,0
2024-07-11,29.666240194676273,0,0
2024-07-12,33.317112762568335,0,0
2024-07-15,54.560940522987046,0,0
2024-07-16,37.2471183634742,0,0
2024-07-17,-6.067158638460601,0,0
2024-07-18,-26.587103874387207,0,0
2024-07-19,-32.538026455716405,0,0
2024-07-22,-28.86524115685655,0,0
2024-07-23,-33.127112679211635,0,0
2024-07-24,-57.218061467596115,0,0
2024-07-25,-73.74642007169193,0,0
2024-07-26,-66.67261774803299,0,0
2024-07-29,-64.01531270139157,0,0
2024-07-30,-55.954439584605495,0,0
2024-07-31,-25.96400745128952,0,0
2024-08-01,-36.135372693988245,0,0
2024-08-02,-28.261453009503807,0,0
2024-08-05,-92.92152347189926,0,1
2024-08-06,-80.23587348903473,0,1
2024-08-07,-47.62628304324355,0,0
2024-08-08,-36.35049328208992,0,0
2024-08-09,-19.446351645658396,0,0
2024-08-12,-1.7375972700883935,0,0
2024-08-13,11.431854112296852,0,0
2024-08-14,13.296139142342001,0,0
2024-08-15,23.570499806704287,0,0
2024-08-16,24.85380950711551,0,0
2024-08-19,15.585950356033768,0,0
2024-08-20,21.22346352192953,0,0
2024-08-21,18.621084656813647,0,0
2024-08-22,14.53653107316325,0,0
2024-08-23,11.767904042412262,0,0
2024-08-26,3.4798495675874523,0,0
2024-08-27,7.6412226067099684,0,0
2024-08-28,11.142456190432586,0,0
2024-08-29,25.498768650333705,0,0
2024-08-30,10.496209406904832,0,0
2024-09-03,-9.192777169009247,0,0
2024-09-04,-38.950674984452824,0,0
2024-09-05,-14.12081969108014,0,0
2024-09-06,-16.92275013151948,0,0
2024-09-09,-35.701952874328896,0,0
2024-09-10,-32.28539845031312,0,0
2024-09-11,-23.627662235582548,0,0
2024-09-12,-16.629108315816545,0,0
2024-09-13,-8.89984092170175,0,0
2024-09-16,-47.58484745266366,0,0
2024-09-17,-42.834729342613485,0,0
2024-09-18,-15.366196530827516,0,0
2024-09-19,20.913220707696407,0,0
2024-09-20,34.91266381819194,0,0
2024-09-23,15.563488320265462,0,0
2024-09-24,11.950459227394576,0,0
2024-09-25,-1.230845729810298,0,0
2024-09-26,3.9516816776921413,0,0
2024-09-27,10.03856093521167,0,0
2024-09-30,21.425444750631584,0,0
2024-10-01,-5.656661198865503,0,0
2024-10-02,-15.379797661094802,0,0
2024-10-03,-15.860470365596697,0,0
2024-10-04,-10.27705574140254,0,0
2024-10-07,-21.760829009599572,0,0
2024-10-08,-15.588387012187498,0,0
2024-10-09,-2.248396457432177,0,0
2024-10-10,1.186582327026791,0,0
2024-10-11,0.5972382617730609,0,0
2024-10-14,7.839190453338491,0,0
2024-10-15,31.474979474221655,0,0
2024-10-16,4.475307407869469,0,0
2024-10-17,9.110695706493804,0,0
2024-10-18,21.55885981585879,0,0
2024-10-21,19.69614138915921,0,0
2024-10-22,8.523008271096895,0,0
2024-10-23,-7.77551195411289,0,0
2024-10-24,-19.123883691504012,0,0
2024-10-25,-8.366862955402251,0,0
2024-10-28,3.0345106978216965,0,0
2024-10-29,-0.5677759942791489,0,0
2024-10-30,-9.590727500375323,0,0
2024-10-31,-28.260873220727902,0,0
2024-11-01,-50.3816978292439,0,0
2024-11-04,-53.90975166277338,0,0
2024-11-05,-42.023468225268296,0,0
2024-11-06,-30.902573512511726,0,0
2024-11-07,-15.86508534807815,0,0
2024-11-08,-7.954532766606597,0,0
2024-11-11,-28.558648659266083,0,0
2024-11-12,-21.64414016369262,0,0
2024-11-13,-18.786121827662363,0,0
2024-11-14,-6.978443465303107,0,0
2024-11-15,-13.950880316435033,0,0
2024-11-18,-3.7598624678039148,0,0
2024-11-19,0.3808277897884462,0,0
2024-11-20,-4.216581508519001,0,0
2024-11-21,-5.113157959954895,0,0
2024-11-22,1.1673734000003257,0,0
2024-11-25,9.727639964088963,0,0
2024-11-26,21.761540567806403,0,0
2024-11-27,18.950604826045584,0,0
2024-11-29,20.324497592995755,0,0
2024-12-02,31.828426320270886,0,0
2024-12-03,46.908365989019956,0,0
2024-12-04,60.17673904944496,0,0
2024-12-05,58.54286390973836,0,0
2024-12-06,58.34692676073509,0,0
2024-12-09,61.65546874842657,0,0
2024-12-10,67.18279267578374,0,0
2024-12-11,74.83964960406962,0,0
2024-12-12,55.61150987410048,0,0
2024-12-13,52.940800654295224,0,0
2024-12-16,57.99457442370045,0,0
2024-12-17,65.61143706685793,0,0
2024-12-18,58.17047875531462,0,0
2024-12-19,40.82605104834097,0,0
2024-12-20,41.70740070412554,0,0
2024-12-23,59.76927965083776,0,0
2024-12-24,66.94083960204921,0,0
2024-12-26,73.03340666749772,0,0
2024-12-27,47.5895759238321,0,0
2024-12-30,15.638604086286902,0,0
2024-12-31,11.675474938986246,0,0
2025-01-02,-23.37805058679239,0,0
2025-01-03,-33.88088467685655,0,0
2025-01-06,-6.411603207223132,0,0
2025-01-07,-14.511784335783085,0,0
2025-01-08,-22.719121488016363,0,0
2025-01-10,-53.201305673732065,0,0
2025-01-13,-70.80157718877362,0,0
2025-01-14,-42.35292863898887,0,0
2025-01-15,-16.280651098315733,0,0
2025-01-16,-26.708600953160083,0,0
2025-01-17,-42.28901366532493,0,0
2025-01-21,-79.97953117577484,0,0
2025-01-22,-66.69320437996885,0,0
2025-01-23,-34.006165601344556,0,0
2025-01-24,-32.07035037030591,0,0
2025-01-27,7.285478069460011,0,0
2025-01-28,51.20190595268997,0,0
2025-01-29,55.30128470700133,0,0
2025-01-30,67.99208550113727,0,0
2025-01-31,67.82774930494743,0,0
2025-02-03,-18.132011957929826,0,0
2025-02-04,-8.30940899343417,0,0
2025-02-05,-2.460285415911717,0,0
2025-02-06,10.95589966284144,0,0
2025-02-07,4.81368576182708,0,0
2025-02-10,-3.7346709857781715,0,0
2025-02-11,17.7175619145641,0,0
2025-02-12,29.79375808515815,0,0
2025-02-13,61.66082899231242,0,0
2025-02-14,85.06901897986367,1,0
2025-02-18,77.1631993026202,0,0
2025-02-19,76.84758087787623,0,0
2025-02-20,75.68002441012068,0,0
2025-02-21,79.6995209276484,0,0
2025-02-24,69.013011307422,0,0
2025-02-25,68.62241809205867,0,0
2025-02-26,26.119701413070146,0,0
2025-02-27,11.935765450105468,0,0
2025-02-28,-18.88805605345206,0,0
2025-03-03,16.234586873175555,0,0
2025-03-04,-0.3932955720800657,0,0
2025-03-05,-32.27041042252067,0,0
2025-03-06,-6.566343244857997,0,0
2025-03-07,13.689916114783124,0,0
2025-03-10,-38.075396527146694,0,0
2025-03-11,-87.87810929579564,0,1
2025-03-12,-94.49811463663839,0,1
2025-03-13,-99.99999999999645,0,1
2025-03-14,-88.22289712927935,0,1
2025-03-17,-68.81267307039906,0,0
2025-03-18,-50.94448439349868,0,0
2025-03-19,-20.695030816360813,0,0
2025-03-20,-22.428819231008614,0,0
2025-03-21,-17.354531806494773,0,0
2025-03-24,19.03853600023436,0,0
2025-03-25,31.730358272964803,0,0
2025-03-26,36.55136799637798,0,0
2025-03-27,34.44195533369499,0,0
2025-03-28,23.55474970200904,0,0
2025-03-31,24.429736029703097,0,0
2025-04-01,24.805763463922197,0,0
2025-04-02,35.85122799375117,0,0
2025-04-03,-83.12277692042073,0,1
2025-04-04,-99.99999999999713,0,1
2025-04-07,-99.99999999999767,0,1
2025-04-08,-95.58947482797396,0,1
2025-04-09,-49.3718497668844,0,0
2025-04-10,-32.64171034967609,0,0
2025-04-11,-5.8689148624672,0,0
2025-04-14,74.18399019800113,0,0
2025-04-15,39.14293002688516,0,0
2025-04-16,18.5377701987426,0,0
2025-04-17,20.123911878381698,0,0
2025-04-21,-1.9101909722797004,0,0
2025-04-22,38.631505988002225,0,0
2025-04-23,72.35572180396284,0,0
2025-04-24,69.36700919431834,0,0
2025-04-25,74.00136102425138,0,0
2025-04-28,76.98708044643287,0,0
2025-04-29,75.7072217173997,0,0
2025-04-30,70.25147704131412,0,0
2025-05-01,72.82125363680044,0,0
2025-05-02,32.545504428963454,0,0
2025-05-05,19.36167838446703,0,0
2025-05-06,10.166460724722311,0,0
2025-05-07,3.6388631615880698,0,0
2025-05-08,13.495984908954744,0,0
2025-05-09,24.84396856644239,0,0
2025-05-12,75.86011589853862,0,0
2025-05-13,80.91282685850962,1,0
2025-05-14,80.4579479586024,1,0
2025-05-15,70.26441874274336,0,0
2025-05-16,65.74132564412506,0,0
2025-05-19,41.2056042301872,0,0
2025-05-20,39.84427152728157,0,0
2025-05-21,28.907911636392747,0,0
2025-05-22,15.938206423557995,0,0
2025-05-23,-7.563020810033132,0,0
2025-05-27,15.099789751742858,0,0
2025-05-28,30.156270891724972,0,0
2025-05-29,33.23488038907601,0,0
2025-05-30,24.55623401778323,0,0
2025-06-02,33.562756629204074,0,0
2025-06-03,40.490818396047814,0,0
2025-06-04,51.366164587230415,0,0
2025-06-05,43.354081800084096,0,0
2025-06-06,49.79173918948115,0,0
2025-06-09,46.99523937895336,0,0
2025-06-10,42.489254219034216,0,0
2025-06-11,40.820720710227846,0,0
2025-06-12,24.15764079205248,0,0
2025-06-13,26.588914232120864,0,0
2025-06-16,24.762313234807255,0,0
2025-06-17,24.398389888312224,0,0
2025-06-18,23.83622844451961,0,0
2025-06-20,40.80857131703153,0,0
2025-06-23,48.59692536294023,0,0
2025-06-24,55.11514107568718,0,0
2025-06-25,55.67335820658455,0,0
2025-06-26,48.80468532618383,0,0
2025-06-27,51.4489449250223,0,0
2025-06-30,60.178852447816055,0,0
2025-07-01,80.75681446744838,1,0
2025-07-02,88.12760473255739,1,0
2025-07-03,90.1796568247911,1,0
2025-07-07,84.65030673099335,1,0
2025-07-08,64.06727330060505,0,0
2025-07-09,57.018577633855145,0,0
2025-07-10,66.43145208113718,0,0
2025-07-11,58.65555801905957,0,0
2025-07-14,48.686099655620936,0,0
2025-07-15,54.368923629555496,0,0
2025-07-16,53.958559821654696,0,0
2025-07-17,52.911592248059044,0,0
2025-07-18,51.22768483322788,0,0
2025-07-21,66.54018321545226,0,0
2025-07-22,61.35447183015272,0,0
2025-07-23,59.38786618183715,0,0
2025-07-24,61.436121215493216,0,0
2025-07-25,62.5634171898867,0,0
2025-07-28,58.28182537664502,0,0
2025-07-29,53.425605032516515,0,0
2025-07-30,39.61274908290425,0,0
2025-07-31,32.046224549148974,0,0
2025-08-01,39.38584629058519,0,0
2025-08-04,24.08067107082752,0,0
2025-08-05,20.66118828685003,0,0
2025-08-06,61.00525436008903,0,0
2025-08-07,97.23907704879616,1,0
2025-08-08,98.44871152298708,1,0
2025-08-11,90.36341495215683,1,0
2025-08-12,88.21200040824,1,0
2025-08-13,93.91493834200179,1,0
2025-08-14,85.98410814379072,1,0
2025-08-15,73.26740054935844,0,0
2025-08-18,65.82251467844628,0,0
2025-08-19,58.772314491821284,0,0
2025-08-20,43.306452373271895,0,0
2025-08-21,27.586500333887905,0,0
2025-08-22,36.28087533047918,0,0
2025-08-25,37.183034232691284,0,0
2025-08-26,31.873080033230814,0,0
2025-08-27,40.29636391218729,0,0
2025-08-28,45.71724037783275,0,0
2025-08-29,46.6595507944986,0,0
2025-09-02,29.029858313420277,0,0
2025-09-03,60.606689664225044,0,0
2025-09-04,61.81533237932928,0,0
2025-09-05,63.7358793575375,0,0
2025-09-08,52.05423407224352,0,0
2025-09-09,40.91392882928962,0,0
2025-09-10,11.329302066232415,0,0
2025-09-11,8.574813275370058,0,0
2025-09-12,23.759727833017244,0,0
2025-09-15,43.894819165492436,0,0
2025-09-16,51.76430844324541,0,0
2025-09-17,47.86524104800397,0,0
2025-09-18,46.372610842772815,0,0
2025-09-19,61.32985445284989,0,0
2025-09-22,94.36216472665282,1,0
2025-09-23,94.98043286506112,1,0
2025-09-24,77.75224292520954,0,0
2025-09-25,73.77568231649798,0,0
2025-09-26,71.95096380851669,0,0
2025-09-29,56.158060450982006,0,0
2025-09-30,44.294605899586735,0,0
2025-10-01,47.338607641763346,0,0
2025-10-02,29.68275598270519,0,0
2025-10-03,17.789581315038244,0,0
2025-10-06,15.654417309642703,0,0
2025-10-07,5.493491120496786,0,0
2025-10-08,6.7445352458389625,0,0
2025-10-09,-8.79882161917827,0,0
2025-10-10,-45.10619528127028,0,0
2025-10-13,-60.309220964003345,0,0
2025-10-14,-63.07435753939605,0,0
2025-10-15,-37.432643766272804,0,0
2025-10-16,-54.7118766706038,0,0
2025-10-17,-30.2660811965981,0,0
2025-10-20,36.5577294168817,0,0
2025-10-21,54.870208739343255,0,0
2025-10-22,12.687588590549215,0,0
2025-10-23,8.812579256639141,0,0
2025-10-24,19.238185802946518,0,0
2025-10-27,48.36673572831973,0,0
2025-10-28,53.87563567573156,0,0
2025-10-29,44.068376570886414,0,0
2025-10-30,48.984106424072834,0,0
2025-10-31,55.499428388749315,0,0
