date,proba,y_true,fold
2016-10-17,,0,
2016-10-18,,0,
2016-10-19,,0,
2016-10-20,,0,
2016-10-21,,1,
2016-10-24,,0,
2016-10-25,,0,
2016-10-26,,0,
2016-10-27,,0,
2016-10-28,,0,
2016-10-31,,0,
2016-11-01,,0,
2016-11-02,,0,
2016-11-03,,0,
2016-11-04,,1,
2016-11-07,,0,
2016-11-08,,0,
2016-11-09,,0,
2016-11-10,,1,
2016-11-11,,0,
2016-11-14,,1,
2016-11-15,,1,
2016-11-16,,1,
2016-11-17,,1,
2016-11-18,,1,
2016-11-21,,1,
2016-11-22,,1,
2016-11-23,,1,
2016-11-25,,1,
2016-11-28,,1,
2016-11-29,,1,
2016-11-30,,1,
2016-12-01,,1,
2016-12-02,,1,
2016-12-05,,1,
2016-12-06,,1,
2016-12-07,,1,
2016-12-08,,1,
2016-12-09,,1,
2016-12-12,,1,
2016-12-13,,1,
2016-12-14,,1,
2016-12-15,,1,
2016-12-16,,1,
2016-12-19,,1,
2016-12-20,,1,
2016-12-21,,1,
2016-12-22,,1,
2016-12-23,,1,
2016-12-27,,1,
2016-12-28,,1,
2016-12-29,,1,
2016-12-30,,1,
2017-01-03,,1,
2017-01-04,,1,
2017-01-05,,1,
2017-01-06,,1,
2017-01-09,,1,
2017-01-10,,1,
2017-01-11,,1,
2017-01-12,,1,
2017-01-13,,1,
2017-01-17,,1,
2017-01-18,,1,
2017-01-19,,1,
2017-01-20,,1,
2017-01-23,,1,
2017-01-24,,1,
2017-01-25,,1,
2017-01-26,,1,
2017-01-27,,1,
2017-01-30,,1,
2017-01-31,,1,
2017-02-01,,1,
2017-02-02,,1,
2017-02-03,,1,
2017-02-06,,1,
2017-02-07,,1,
2017-02-08,,1,
2017-02-09,,1,
2017-02-10,,1,
2017-02-13,,1,
2017-02-14,,1,
2017-02-15,,1,
2017-02-16,,1,
2017-02-17,,1,
2017-02-21,,1,
2017-02-22,,1,
2017-02-23,,1,
2017-02-24,,1,
2017-02-27,,1,
2017-02-28,,1,
2017-03-01,,1,
2017-03-02,,1,
2017-03-03,,1,
2017-03-06,,1,
2017-03-07,,1,
2017-03-08,,1,
2017-03-09,,1,
2017-03-10,,1,
2017-03-13,,1,
2017-03-14,,1,
2017-03-15,,1,
2017-03-16,,1,
2017-03-17,,1,
2017-03-20,,1,
2017-03-21,,1,
2017-03-22,,1,
2017-03-23,,1,
2017-03-24,,1,
2017-03-27,,1,
2017-03-28,,0,
2017-03-29,,0,
2017-03-30,,0,
2017-03-31,,0,
2017-04-03,,0,
2017-04-04,,0,
2017-04-05,,0,
2017-04-06,,0,
2017-04-07,,0,
2017-04-10,,0,
2017-04-11,,1,
2017-04-12,,1,
2017-04-13,,1,
2017-04-17,,1,
2017-04-18,,1,
2017-04-19,,1,
2017-04-20,,1,
2017-04-21,,1,
2017-04-24,,1,
2017-04-25,,1,
2017-04-26,,1,
2017-04-27,,1,
2017-04-28,,1,
2017-05-01,,1,
2017-05-02,,1,
2017-05-03,,1,
2017-05-04,,1,
2017-05-05,,1,
2017-05-08,,1,
2017-05-09,,0,
2017-05-10,,1,
2017-05-11,,0,
2017-05-12,,0,
2017-05-15,,0,
2017-05-16,,0,
2017-05-17,,1,
2017-05-18,,0,
2017-05-19,,0,
2017-05-22,,0,
2017-05-23,,0,
2017-05-24,,0,
2017-05-25,,0,
2017-05-26,,0,
2017-05-30,,0,
2017-05-31,,0,
2017-06-01,,0,
2017-06-02,,0,
2017-06-05,,0,
2017-06-06,,0,
2017-06-07,,0,
2017-06-08,,0,
2017-06-09,,0,
2017-06-12,,0,
2017-06-13,,0,
2017-06-14,,0,
2017-06-15,,1,
2017-06-16,,1,
2017-06-19,,0,
2017-06-20,,1,
2017-06-21,,1,
2017-06-22,,1,
2017-06-23,,1,
2017-06-26,,1,
2017-06-27,,1,
2017-06-28,,1,
2017-06-29,,1,
2017-06-30,,1,
2017-07-03,,1,
2017-07-05,,1,
2017-07-06,,1,
2017-07-07,,1,
2017-07-10,,1,
2017-07-11,,1,
2017-07-12,,1,
2017-07-13,,1,
2017-07-14,,1,
2017-07-17,,1,
2017-07-18,,1,
2017-07-19,,1,
2017-07-20,,1,
2017-07-21,,1,
2017-07-24,,0,
2017-07-25,,0,
2017-07-26,,0,
2017-07-27,,1,
2017-07-28,,1,
2017-07-31,,1,
2017-08-01,,1,
2017-08-02,,1,
2017-08-03,,1,
2017-08-04,,1,
2017-08-07,,1,
2017-08-08,,0,
2017-08-09,,0,
2017-08-10,,1,
2017-08-11,,1,
2017-08-14,,0,
2017-08-15,,0,
2017-08-16,,0,
2017-08-17,,1,
2017-08-18,,1,
2017-08-21,,1,
2017-08-22,,0,
2017-08-23,,0,
2017-08-24,,0,
2017-08-25,,0,
2017-08-28,,0,
2017-08-29,,0,
2017-08-30,,0,
2017-08-31,,0,
2017-09-01,,0,
2017-09-05,,0,
2017-09-06,,0,
2017-09-07,,0,
2017-09-08,,0,
2017-09-11,,0,
2017-09-12,,0,
2017-09-13,,0,
2017-09-14,,0,
2017-09-15,,0,
2017-09-18,,0,
2017-09-19,,0,
2017-09-20,,0,
2017-09-21,,1,
2017-09-22,,1,
2017-09-25,,1,
2017-09-26,,1,
2017-09-27,,1,
2017-09-28,,1,
2017-09-29,,1,
2017-10-02,,1,
2017-10-03,,1,
2017-10-04,,1,
2017-10-05,,1,
2017-10-06,,1,
2017-10-09,,1,
2017-10-10,,1,
2017-10-11,,1,
2017-10-12,,1,
2017-10-13,,1,
2017-10-16,,0,
2017-10-17,,0,
2017-10-18,,0,
2017-10-19,,1,
2017-10-20,,1,
2017-10-23,,1,
2017-10-24,,1,
2017-10-25,,1,
2017-10-26,,1,
2017-10-27,,1,
2017-10-30,,1,
2017-10-31,,1,
2017-11-01,,1,
2017-11-02,,1,
2017-11-03,,0,
2017-11-06,,0,
2017-11-07,,0,
2017-11-08,,0,
2017-11-09,,0,
2017-11-10,,0,
2017-11-13,,0,
2017-11-14,,0,
2017-11-15,,1,
2017-11-16,,0,
2017-11-17,,1,
2017-11-20,,1,
2017-11-21,,0,
2017-11-22,,0,
2017-11-24,,0,
2017-11-27,,0,
2017-11-28,,0,
2017-11-29,,1,
2017-11-30,,1,
2017-12-01,,1,
2017-12-04,,1,
2017-12-05,,1,
2017-12-06,,1,
2017-12-07,,1,
2017-12-08,,1,
2017-12-11,,1,
2017-12-12,,1,
2017-12-13,,1,
2017-12-14,,1,
2017-12-15,,0,
2017-12-18,,0,
2017-12-19,,0,
2017-12-20,,0,
2017-12-21,,0,
2017-12-22,,0,
2017-12-26,,1,
2017-12-27,,1,
2017-12-28,,1,
2017-12-29,,1,
2018-01-02,,1,
2018-01-03,,1,
2018-01-04,,1,
2018-01-05,,1,
2018-01-08,,1,
2018-01-09,,1,
2018-01-10,,1,
2018-01-11,,1,
2018-01-12,,0,
2018-01-16,,0,
2018-01-17,,0,
2018-01-18,,0,
2018-01-19,,0,
2018-01-22,,0,
2018-01-23,,0,
2018-01-24,,0,
2018-01-25,,0,
2018-01-26,,0,
2018-01-29,,0,
2018-01-30,,0,
2018-01-31,,0,
2018-02-01,,0,
2018-02-02,,0,
2018-02-05,,1,
2018-02-06,,0,
2018-02-07,,1,
2018-02-08,,1,
2018-02-09,,1,
2018-02-12,,1,
2018-02-13,,1,
2018-02-14,,1,
2018-02-15,,1,
2018-02-16,,1,
2018-02-20,,1,
2018-02-21,,1,
2018-02-22,,1,
2018-02-23,,0,
2018-02-26,,0,
2018-02-27,,0,
2018-02-28,,0,
2018-03-01,,0,
2018-03-02,,0,
2018-03-05,,0,
2018-03-06,,0,
2018-03-07,,1,
2018-03-08,,0,
2018-03-09,,0,
2018-03-12,,0,
2018-03-13,,0,
2018-03-14,,0,
2018-03-15,,0,
2018-03-16,,0,
2018-03-19,,0,
2018-03-20,,0,
2018-03-21,,0,
2018-03-22,,1,
2018-03-23,,1,
2018-03-26,,0,
2018-03-27,,1,
2018-03-28,,1,
2018-03-29,,1,
2018-04-02,,1,
2018-04-03,,1,
2018-04-04,,1,
2018-04-05,,0,
2018-04-06,,1,
2018-04-09,,1,
2018-04-10,,0,
2018-04-11,,0,
2018-04-12,,0,
2018-04-13,,0,
2018-04-16,,0,
2018-04-17,,0,
2018-04-18,,0,
2018-04-19,,0,
2018-04-20,0.41171833872795105,1,1
2018-04-23,0.04997969791293144,1,1
2018-04-24,0.16521184146404266,1,1
2018-04-25,0.06116132810711861,1,1
2018-04-26,0.15556345880031586,1,1
2018-04-27,0.4325013756752014,1,1
2018-04-30,0.1324302703142166,1,1
2018-05-01,0.1693427711725235,1,1
2018-05-02,0.08721078187227249,1,1
2018-05-03,0.17272017896175385,1,1
2018-05-04,0.00790087878704071,1,1
2018-05-07,0.003119560657069087,1,1
2018-05-08,0.0027001926209777594,1,1
2018-05-09,0.004101716913282871,0,1
2018-05-10,0.004898850806057453,0,1
2018-05-11,0.0019016177393496037,0,1
2018-05-14,0.001141720567829907,0,1
2018-05-15,0.001931414008140564,1,1
2018-05-16,0.000762743700761348,0,1
2018-05-17,0.0012925483752042055,1,1
2018-05-18,0.0013299159472808242,1,1
2018-05-21,0.0009917656425386667,1,1
2018-05-22,0.0011019096709787846,1,1
2018-05-23,0.001035932800732553,1,1
2018-05-24,0.009064082987606525,1,1
2018-05-25,0.002395797288045287,1,1
2018-05-29,0.020488204434514046,1,1
2018-05-30,0.02511606179177761,1,1
2018-05-31,0.04354988411068916,1,1
2018-06-01,0.0016954867169260979,0,1
2018-06-04,0.0011753265280276537,0,1
2018-06-05,0.0003700978704728186,0,1
2018-06-06,0.00037457916187122464,0,1
2018-06-07,0.000437563139712438,0,1
2018-06-08,0.006312324665486813,0,1
2018-06-11,0.017403962090611458,0,1
2018-06-12,0.006919745355844498,0,1
2018-06-13,0.16573411226272583,0,1
2018-06-14,0.0418008491396904,0,1
2018-06-15,0.3454764187335968,0,1
2018-06-18,0.20306620001792908,0,1
2018-06-19,0.07787671685218811,0,1
2018-06-20,0.048098135739564896,0,1
2018-06-21,0.07929541170597076,0,1
2018-06-22,0.06470910459756851,1,1
2018-06-25,0.06113007292151451,1,1
2018-06-26,0.015774734318256378,1,1
2018-06-27,0.07823202013969421,1,1
2018-06-28,0.10434939712285995,1,1
2018-06-29,0.14739415049552917,1,1
2018-07-02,0.13720156252384186,0,1
2018-07-03,0.080390565097332,1,1
2018-07-05,0.08341984450817108,1,1
2018-07-06,0.06699305772781372,1,1
2018-07-09,0.017469702288508415,1,1
2018-07-10,0.00395946716889739,1,1
2018-07-11,0.09505695104598999,1,1
2018-07-12,0.014757711440324783,1,1
2018-07-13,0.009054609574377537,1,1
2018-07-16,0.0032750475220382214,1,1
2018-07-17,0.011655718088150024,1,1
2018-07-18,0.00901096686720848,1,1
2018-07-19,0.005978320725262165,1,1
2018-07-20,0.004946722649037838,1,1
2018-07-23,0.004541653208434582,1,1
2018-07-24,0.0005975030362606049,1,1
2018-07-25,0.0003935034037567675,0,1
2018-07-26,0.0006768477614969015,0,1
2018-07-27,0.060782819986343384,1,1
2018-07-30,0.056433599442243576,1,1
2018-07-31,0.021022045984864235,1,1
2018-08-01,0.003638962749391794,1,1
2018-08-02,0.006391693372279406,1,1
2018-08-03,0.0016345262993127108,1,1
2018-08-06,0.0019807997159659863,1,1
2018-08-07,0.004645202774554491,1,1
2018-08-08,0.0010368929943069816,1,1
2018-08-09,0.0009793884819373488,1,1
2018-08-10,0.001031690277159214,1,1
2018-08-13,0.0006850303034298122,1,1
2018-08-14,0.00045527814654633403,1,1
2018-08-15,0.00046361982822418213,1,1
2018-08-16,0.0006673433817923069,1,1
2018-08-17,0.0010183389531448483,1,1
2018-08-20,0.0022977653425186872,1,1
2018-08-21,0.0012439661659300327,1,1
2018-08-22,0.0036622032057493925,1,1
2018-08-23,0.00280511612072587,1,1
2018-08-24,0.0021873782388865948,1,1
2018-08-27,0.0006289102020673454,1,1
2018-08-28,0.0005248839152045548,1,1
2018-08-29,0.0003572644491214305,1,1
2018-08-30,0.002353222807869315,0,1
2018-08-31,0.001462132902815938,0,1
2018-09-04,0.0012309268349781632,0,1
2018-09-05,0.0009639173513278365,0,1
2018-09-06,0.002062130020931363,0,1
2018-09-07,0.02069045975804329,1,1
2018-09-10,0.25359299778938293,1,1
2018-09-11,0.016655471175909042,0,1
2018-09-12,0.39878544211387634,1,1
2018-09-13,0.0033789898734539747,0,1
2018-09-14,0.026838021352887154,0,1
2018-09-17,0.37059485912323,1,1
2018-09-18,0.25158998370170593,1,1
2018-09-19,0.09260538965463638,1,1
2018-09-20,0.20725807547569275,1,1
2018-09-21,0.3214358687400818,1,1
2018-09-24,0.06077345833182335,1,1
2018-09-25,0.032083719968795776,1,1
2018-09-26,0.22265733778476715,1,1
2018-09-27,0.002324047964066267,1,1
2018-09-28,0.002318598097190261,0,1
2018-10-01,0.000866908929310739,0,1
2018-10-02,0.00046799652045592666,0,1
2018-10-03,0.0006524169002659619,0,1
2018-10-04,0.003808848559856415,0,1
2018-10-05,0.37449485063552856,0,1
2018-10-08,0.17417538166046143,0,1
2018-10-09,0.008264985866844654,0,1
2018-10-10,0.09061315655708313,0,1
2018-10-11,0.044576603919267654,1,1
2018-10-12,0.01196245662868023,0,1
2018-10-15,0.055370233952999115,0,1
2018-10-16,0.018327150493860245,0,1
2018-10-17,0.07401203364133835,0,1
2018-10-18,0.07107634097337723,0,1
2018-10-19,0.05268062278628349,0,1
2018-10-22,0.11134453117847443,0,1
2018-10-23,0.05503968894481659,0,1
2018-10-24,0.10036754608154297,0,1
2018-10-25,0.01954525150358677,0,1
2018-10-26,0.050198424607515335,0,1
2018-10-29,0.05512229725718498,1,1
2018-10-30,0.03238822892308235,0,1
2018-10-31,0.060996972024440765,0,1
2018-11-01,0.052942905575037,0,1
2018-11-02,0.14674720168113708,0,1
2018-11-05,0.18247829377651215,0,1
2018-11-06,0.05215420946478844,0,1
2018-11-07,0.09291073679924011,0,1
2018-11-08,0.5352184176445007,0,1
2018-11-09,0.3982531428337097,0,1
2018-11-12,0.21886086463928223,0,1
2018-11-13,0.2779379189014435,0,1
2018-11-14,0.2687080502510071,0,1
2018-11-15,0.02454623021185398,0,1
2018-11-16,0.06457306444644928,0,1
2018-11-19,0.23842516541481018,0,1
2018-11-20,0.2687080502510071,0,1
2018-11-21,0.20578265190124512,0,1
2018-11-23,0.2687080502510071,1,1
2018-11-26,0.09051450341939926,1,1
2018-11-27,0.2941739857196808,1,1
2018-11-28,0.08041107654571533,0,1
2018-11-29,0.38045403361320496,0,1
2018-11-30,0.38940998911857605,0,1
2018-12-03,0.1467997282743454,0,1
2018-12-04,0.4912649691104889,0,1
2018-12-06,0.5155894756317139,0,1
2018-12-07,0.3900454640388489,0,1
2018-12-10,0.08923254907131195,0,1
2018-12-11,0.35160142183303833,0,1
2018-12-12,0.3755015730857849,0,1
2018-12-13,0.40494924783706665,0,1
2018-12-14,0.4524761736392975,0,1
2018-12-17,0.5099269151687622,0,1
2018-12-18,0.31518885493278503,0,1
2018-12-19,0.4836629629135132,0,1
2018-12-20,0.48519009351730347,0,1
2018-12-21,0.4162259101867676,1,1
2018-12-24,0.42692819237709045,1,1
2018-12-26,0.04734180122613907,0,1
2018-12-27,0.4577130675315857,0,1
2018-12-28,0.604680597782135,0,1
2018-12-31,0.6047919988632202,0,1
2019-01-02,0.6828126907348633,0,1
2019-01-03,0.5039308667182922,1,1
2019-01-04,0.11321193724870682,1,1
2019-01-07,0.7748242616653442,1,1
2019-01-08,0.6618539094924927,1,1
2019-01-09,0.7611539959907532,1,1
2019-01-10,0.800045907497406,1,1
2019-01-11,0.8842839002609253,1,1
2019-01-14,0.8796916007995605,1,1
2019-01-15,0.5481070280075073,1,1
2019-01-16,0.941687285900116,1,1
2019-01-17,0.9750844836235046,1,1
2019-01-18,0.9606328010559082,1,1
2019-01-22,0.9952138662338257,1,1
2019-01-23,0.9922698736190796,1,1
2019-01-24,0.9975939393043518,1,1
2019-01-25,0.834631085395813,1,1
2019-01-28,0.9694376587867737,1,1
2019-01-29,0.995896577835083,1,1
2019-01-30,0.9353153705596924,0,1
2019-01-31,0.9407675862312317,0,1
2019-02-01,0.9012506604194641,1,1
2019-02-04,0.5204173922538757,0,1
2019-02-05,0.2841830253601074,0,1
2019-02-06,0.14306578040122986,0,1
2019-02-07,0.5535517334938049,0,1
2019-02-08,0.05601271614432335,1,1
2019-02-11,0.12829872965812683,1,1
2019-02-12,0.01857845112681389,1,1
2019-02-13,0.031215151771903038,1,1
2019-02-14,0.01364873070269823,1,1
2019-02-15,0.020952818915247917,1,1
2019-02-19,0.06992445886135101,1,1
2019-02-20,0.055424511432647705,1,1
2019-02-21,0.17935365438461304,1,1
2019-02-22,0.02286546677350998,1,1
2019-02-25,0.011666011065244675,1,1
2019-02-26,0.01104736141860485,1,1
2019-02-27,0.002733341883867979,1,1
2019-02-28,0.046363718807697296,1,1
2019-03-01,0.0033758291974663734,1,1
2019-03-04,0.006158412434160709,1,1
2019-03-05,0.004848779179155827,0,1
2019-03-06,0.03677396848797798,1,1
2019-03-07,0.5634551644325256,1,1
2019-03-08,0.7816689014434814,1,1
2019-03-11,0.003745062742382288,1,1
2019-03-12,0.016612928360700607,1,1
2019-03-13,0.006295102182775736,1,1
2019-03-14,0.004801399540156126,1,1
2019-03-15,0.008607418276369572,1,1
2019-03-18,0.007703728042542934,1,1
2019-03-19,0.013621808961033821,1,1
2019-03-20,0.006113584153354168,1,1
2019-03-21,0.013500618748366833,0,1
2019-03-22,0.03683822974562645,1,1
2019-03-25,0.059187691658735275,1,1
2019-03-26,0.11357462406158447,1,1
2019-03-27,0.013921708799898624,1,1
2019-03-28,0.004323908127844334,1,1
2019-03-29,0.0024748574942350388,1,1
2019-04-01,0.00219330913387239,1,1
2019-04-02,0.0028632350731641054,1,1
2019-04-03,0.00284312991425395,1,1
2019-04-04,0.000885944114997983,1,1
2019-04-05,0.000763197778724134,1,1
2019-04-08,0.0022367374040186405,1,1
2019-04-09,0.0025334490928798914,1,1
2019-04-10,0.001081143505871296,1,1
2019-04-11,0.0014140710700303316,1,1
2019-04-12,0.0006762484554201365,1,1
2019-04-15,0.0012741569662466645,1,1
2019-04-16,0.0012135797878727317,1,1
2019-04-17,0.0005007934523746371,1,1
2019-04-18,0.00034703267738223076,1,1
2019-04-22,0.00036444218130782247,0,1
2019-04-23,0.0009615385788492858,0,1
2019-04-24,0.0018986822105944157,0,1
2019-04-25,0.0012782387202605605,0,1
2019-04-26,0.004239288158714771,0,1
2019-04-29,0.0024932886008173227,0,1
2019-04-30,0.05586685240268707,1,1
2019-05-01,0.003281234297901392,0,1
2019-05-02,0.008400297723710537,0,1
2019-05-03,0.005641707684844732,0,1
2019-05-06,0.005684036295861006,0,1
2019-05-07,0.14571498334407806,0,1
2019-05-08,0.15264588594436646,0,1
2019-05-09,0.4578763544559479,0,1
2019-05-10,0.28221285343170166,0,1
2019-05-13,0.07542858272790909,0,1
2019-05-14,0.011619859375059605,0,1
2019-05-15,0.021368827670812607,0,1
2019-05-16,0.09459623694419861,0,1
2019-05-17,0.18762093782424927,0,1
2019-05-20,0.13279370963573456,0,1
2019-05-21,0.02653806284070015,0,1
2019-05-22,0.37810152769088745,0,1
2019-05-23,0.36743858456611633,1,1
2019-05-24,0.5214499831199646,1,1
2019-05-28,0.5214499831199646,1,1
2019-05-29,0.5367496013641357,1,1
2019-05-30,0.28625252842903137,1,1
2019-05-31,0.5244315266609192,1,1
2019-06-03,0.5039853453636169,1,1
2019-06-04,0.1103135272860527,1,1
2019-06-05,0.0674126148223877,1,1
2019-06-06,0.12079962342977524,1,1
2019-06-07,0.10047779232263565,1,1
2019-06-10,0.20147576928138733,1,1
2019-06-11,0.13010163605213165,1,1
2019-06-12,0.1364162564277649,1,1
2019-06-13,0.1078687235713005,1,1
2019-06-14,0.10332246869802475,1,1
2019-06-17,0.06378507614135742,1,1
2019-06-18,0.009406687691807747,1,1
2019-06-19,0.0035404423251748085,1,1
2019-06-20,0.0031906915828585625,1,1
2019-06-21,0.002625819528475404,1,1
2019-06-24,0.0027010568883270025,1,1
2019-06-25,0.004098671488463879,1,1
2019-06-26,0.0011606119805946946,1,1
2019-06-27,0.0011169805657118559,1,1
2019-06-28,0.004034613724797964,1,1
2019-07-01,0.0024843874853104353,1,1
2019-07-02,0.0014309597900137305,1,1
2019-07-03,0.00042384411790408194,1,1
2019-07-05,0.00037202928797341883,1,1
2019-07-08,0.016630318015813828,1,1
2019-07-09,0.0029682638123631477,1,1
2019-07-10,0.00129936751909554,1,1
2019-07-11,0.004096933640539646,1,1
2019-07-12,0.0014124849112704396,1,1
2019-07-15,0.0003709134180098772,1,1
2019-07-16,0.0005597595009021461,1,1
2019-07-17,0.001172959920950234,1,1
2019-07-18,0.00040096373413689435,1,1
2019-07-19,0.06720514595508575,1,1
2019-07-22,0.00043989409459754825,1,1
2019-07-23,0.0003513073024805635,0,1
2019-07-24,0.0002882948610931635,0,1
2019-07-25,0.000701576704159379,1,1
2019-07-26,0.000497241213452071,1,1
2019-07-29,0.00037164363311603665,0,1
2019-07-30,0.0006566684460267425,1,1
2019-07-31,0.011160993948578835,0,1
2019-08-01,0.03360886126756668,0,1
2019-08-02,0.21841436624526978,0,1
2019-08-05,0.11567116528749466,1,1
2019-08-06,0.010818862356245518,1,1
2019-08-07,0.023336749523878098,1,1
2019-08-08,0.019178174436092377,1,1
2019-08-09,0.11959467828273773,1,1
2019-08-12,0.09470384567975998,1,1
2019-08-13,0.006985463667660952,1,1
2019-08-14,0.03874681517481804,1,1
2019-08-15,0.087522953748703,1,1
2019-08-16,0.00585954962298274,1,1
2019-08-19,0.02262016385793686,1,1
2019-08-20,0.024442121386528015,1,1
2019-08-21,0.0125279501080513,0,1
2019-08-22,0.002084735780954361,0,1
2019-08-23,0.0369754396378994,1,1
2019-08-26,0.005396903492510319,1,1
2019-08-27,0.02077239379286766,1,1
2019-08-28,0.03833110257983208,1,1
2019-08-29,0.002737401518970728,1,1
2019-08-30,0.004915445577353239,1,1
2019-09-03,0.031287286430597305,1,1
2019-09-04,0.0031432409305125475,1,1
2019-09-05,0.0031446621287614107,1,1
2019-09-06,0.0013131258310750127,1,1
2019-09-09,0.0015552198747172952,1,1
2019-09-10,0.00032068236032500863,1,1
2019-09-11,0.0016659231623634696,0,1
2019-09-12,0.001963859423995018,0,1
2019-09-13,0.009030523709952831,1,1
2019-09-16,0.003706838935613632,1,1
2019-09-17,0.0037420163862407207,1,1
2019-09-18,0.0032876343466341496,1,1
2019-09-19,0.00521430978551507,1,1
2019-09-20,0.08167228102684021,1,1
2019-09-23,0.0037743498105555773,1,1
2019-09-24,0.05613166466355324,1,1
2019-09-25,0.0018169657560065389,1,1
2019-09-26,0.0024009256158024073,1,1
2019-09-27,0.04943934082984924,1,1
2019-09-30,0.0010807059006765485,1,1
2019-10-01,0.00419642124325037,1,1
2019-10-02,0.08332839608192444,1,1
2019-10-03,0.03467285633087158,1,1
2019-10-04,0.0013798519503325224,1,1
2019-10-07,0.003128940472379327,1,1
2019-10-08,0.008005856536328793,1,1
2019-10-09,0.0016168106812983751,1,1
2019-10-10,0.0010704552987590432,1,1
2019-10-11,0.0015472333179786801,1,1
2019-10-14,0.002026583766564727,1,1
2019-10-15,0.003041378455236554,1,1
2019-10-16,0.0013357659336179495,1,1
2019-10-17,0.0010401594918221235,1,1
2019-10-18,0.0006273713079281151,1,1
2019-10-21,0.0017182447481900454,1,1
2019-10-22,0.8955952525138855,1,2
2019-10-23,0.8863891363143921,1,2
2019-10-24,0.8579745888710022,1,2
2019-10-25,0.9055793881416321,1,2
2019-10-28,0.8262990117073059,1,2
2019-10-29,0.8571423888206482,1,2
2019-10-30,0.6835640072822571,1,2
2019-10-31,0.722282886505127,1,2
2019-11-01,0.8312382698059082,1,2
2019-11-04,0.6817601919174194,1,2
2019-11-05,0.7688242197036743,1,2
2019-11-06,0.8421079516410828,1,2
2019-11-07,0.806980550289154,1,2
2019-11-08,0.8380707502365112,1,2
2019-11-11,0.8884881734848022,1,2
2019-11-12,0.8708930015563965,1,2
2019-11-13,0.8811038136482239,1,2
2019-11-14,0.5253306031227112,1,2
2019-11-15,0.6667945981025696,0,2
2019-11-18,0.6464790105819702,0,2
2019-11-19,0.44208699464797974,0,2
2019-11-20,0.28206977248191833,1,2
2019-11-21,0.19577465951442719,1,2
2019-11-22,0.21037480235099792,1,2
2019-11-25,0.14401933550834656,0,2
2019-11-26,0.2221887856721878,1,2
2019-11-27,0.36466607451438904,0,2
2019-11-29,0.25921741127967834,0,2
2019-12-02,0.07368303835391998,0,2
2019-12-03,0.035369161516427994,1,2
2019-12-04,0.11693812906742096,1,2
2019-12-05,0.12720902264118195,1,2
2019-12-06,0.29649755358695984,1,2
2019-12-09,0.21923889219760895,1,2
2019-12-10,0.2570370137691498,1,2
2019-12-11,0.3417838513851166,1,2
2019-12-12,0.39753857254981995,1,2
2019-12-13,0.40971672534942627,1,2
2019-12-16,0.6320851445198059,1,2
2019-12-17,0.7907677292823792,1,2
2019-12-18,0.863145649433136,1,2
2019-12-19,0.8860592246055603,1,2
2019-12-20,0.7824146747589111,1,2
2019-12-23,0.9452494978904724,1,2
2019-12-24,0.8751227259635925,1,2
2019-12-26,0.9072617888450623,1,2
2019-12-27,0.8749482035636902,1,2
2019-12-30,0.9472960829734802,1,2
2019-12-31,0.9431355595588684,1,2
2020-01-02,0.5696874856948853,1,2
2020-01-03,0.6521083116531372,1,2
2020-01-06,0.8648570775985718,1,2
2020-01-07,0.82353675365448,1,2
2020-01-08,0.32790398597717285,1,2
2020-01-09,0.7101680040359497,1,2
2020-01-10,0.5870346426963806,1,2
2020-01-13,0.7763597369194031,0,2
2020-01-14,0.7822335362434387,1,2
2020-01-15,0.9236186146736145,1,2
2020-01-16,0.8826417922973633,1,2
2020-01-17,0.9045470356941223,0,2
2020-01-21,0.679116427898407,0,2
2020-01-22,0.6525320410728455,0,2
2020-01-23,0.6712086200714111,0,2
2020-01-24,0.4838130474090576,0,2
2020-01-27,0.17814941704273224,1,2
2020-01-28,0.0356903001666069,0,2
2020-01-29,0.19622525572776794,0,2
2020-01-30,0.2808762788772583,0,2
2020-01-31,0.07705844938755035,1,2
2020-02-03,0.0906008705496788,1,2
2020-02-04,0.01635327748954296,0,2
2020-02-05,0.12385336309671402,0,2
2020-02-06,0.17446045577526093,0,2
2020-02-07,0.046396683901548386,0,2
2020-02-10,0.07323716580867767,0,2
2020-02-11,0.07477802783250809,0,2
2020-02-12,0.16214609146118164,0,2
2020-02-13,0.1184421181678772,0,2
2020-02-14,0.15154413878917694,0,2
2020-02-18,0.054292622953653336,0,2
2020-02-19,0.0703774094581604,0,2
2020-02-20,0.07351277768611908,0,2
2020-02-21,0.06685421615839005,0,2
2020-02-24,0.048489414155483246,0,2
2020-02-25,0.046313852071762085,0,2
2020-02-26,0.009433063678443432,0,2
2020-02-27,0.11857317388057709,1,2
2020-02-28,0.008688470348715782,1,2
2020-03-02,0.0062947203405201435,0,2
2020-03-03,0.02597096562385559,0,2
2020-03-04,0.03815317898988724,0,2
2020-03-05,0.03437178209424019,0,2
2020-03-06,0.03474380448460579,0,2
2020-03-09,0.019266072660684586,0,2
2020-03-10,0.015169475227594376,0,2
2020-03-11,0.01999480649828911,0,2
2020-03-12,0.04144402593374252,1,2
2020-03-13,0.011267566122114658,0,2
2020-03-16,0.03971361741423607,1,2
2020-03-17,0.013224290683865547,1,2
2020-03-18,0.029725728556513786,1,2
2020-03-19,0.028750119730830193,1,2
2020-03-20,0.04309458285570145,1,2
2020-03-23,0.05809181556105614,1,2
2020-03-24,0.015108190476894379,1,2
2020-03-25,0.061052560806274414,1,2
2020-03-26,0.10237323492765427,0,2
2020-03-27,0.14764490723609924,1,2
2020-03-30,0.27271485328674316,0,2
2020-03-31,0.3206087052822113,1,2
2020-04-01,0.11885003745555878,1,2
2020-04-02,0.17958107590675354,1,2
2020-04-03,0.14667850732803345,1,2
2020-04-06,0.13838458061218262,1,2
2020-04-07,0.08706837147474289,1,2
2020-04-08,0.1893295794725418,1,2
2020-04-09,0.18664583563804626,1,2
2020-04-13,0.10679735243320465,1,2
2020-04-14,0.03593556582927704,1,2
2020-04-15,0.03505774214863777,1,2
2020-04-16,0.023224832490086555,1,2
2020-04-17,0.20192334055900574,1,2
2020-04-20,0.1580291986465454,1,2
2020-04-21,0.1327100247144699,1,2
2020-04-22,0.19742996990680695,1,2
2020-04-23,0.35266244411468506,1,2
2020-04-24,0.38275930285453796,1,2
2020-04-27,0.4711514115333557,1,2
2020-04-28,0.27220314741134644,1,2
2020-04-29,0.28640449047088623,1,2
2020-04-30,0.39630627632141113,1,2
2020-05-01,0.5014562606811523,1,2
2020-05-04,0.5971018671989441,1,2
2020-05-05,0.5995416641235352,1,2
2020-05-06,0.5397158265113831,1,2
2020-05-07,0.536152184009552,1,2
2020-05-08,0.3120664954185486,1,2
2020-05-11,0.22791454195976257,1,2
2020-05-12,0.43972018361091614,1,2
2020-05-13,0.68517005443573,1,2
2020-05-14,0.8393048048019409,1,2
2020-05-15,0.835959255695343,1,2
2020-05-18,0.8067383170127869,1,2
2020-05-19,0.8268094062805176,1,2
2020-05-20,0.9325738549232483,1,2
2020-05-21,0.8840267062187195,1,2
2020-05-22,0.6961653232574463,1,2
2020-05-26,0.5151267647743225,1,2
2020-05-27,0.5292842388153076,1,2
2020-05-28,0.2409970760345459,1,2
2020-05-29,0.33702048659324646,1,2
2020-06-01,0.28659918904304504,1,2
2020-06-02,0.4394395351409912,1,2
2020-06-03,0.48155367374420166,1,2
2020-06-04,0.36445632576942444,1,2
2020-06-05,0.4078246057033539,1,2
2020-06-08,0.6932216882705688,1,2
2020-06-09,0.7953054904937744,1,2
2020-06-10,0.592839777469635,0,2
2020-06-11,0.720098614692688,1,2
2020-06-12,0.7116017937660217,1,2
2020-06-15,0.7634478807449341,1,2
2020-06-16,0.6906853318214417,1,2
2020-06-17,0.7960962653160095,1,2
2020-06-18,0.7995772361755371,1,2
2020-06-19,0.8049929141998291,1,2
2020-06-22,0.8130592703819275,1,2
2020-06-23,0.8216831684112549,1,2
2020-06-24,0.5518566966056824,1,2
2020-06-25,0.7317929863929749,1,2
2020-06-26,0.16426056623458862,1,2
2020-06-29,0.2515832483768463,1,2
2020-06-30,0.1515636295080185,1,2
2020-07-01,0.1462940126657486,1,2
2020-07-02,0.15069642663002014,1,2
2020-07-06,0.15580935776233673,1,2
2020-07-07,0.2336740344762802,1,2
2020-07-08,0.5649048089981079,1,2
2020-07-09,0.7200528979301453,1,2
2020-07-10,0.8028648495674133,0,2
2020-07-13,0.7562963366508484,1,2
2020-07-14,0.9079779982566833,0,2
2020-07-15,0.8843594789505005,0,2
2020-07-16,0.6346665620803833,0,2
2020-07-17,0.44131898880004883,0,2
2020-07-20,0.5900261998176575,0,2
2020-07-21,0.19634558260440826,0,2
2020-07-22,0.3351033329963684,0,2
2020-07-23,0.11612024158239365,1,2
2020-07-24,0.11906411498785019,1,2
2020-07-27,0.1322966367006302,1,2
2020-07-28,0.10983558744192123,1,2
2020-07-29,0.13397888839244843,1,2
2020-07-30,0.1073184683918953,1,2
2020-07-31,0.3738938570022583,1,2
2020-08-03,0.2493046522140503,1,2
2020-08-04,0.46640482544898987,1,2
2020-08-05,0.5612780451774597,1,2
2020-08-06,0.4152621626853943,1,2
2020-08-07,0.3883768618106842,1,2
2020-08-10,0.5386549234390259,1,2
2020-08-11,0.5674553513526917,1,2
2020-08-12,0.4273868799209595,1,2
2020-08-13,0.45884475111961365,1,2
2020-08-14,0.36704760789871216,1,2
2020-08-17,0.4276224374771118,1,2
2020-08-18,0.5964157581329346,1,2
2020-08-19,0.756182849407196,1,2
2020-08-20,0.5733733773231506,1,2
2020-08-21,0.3869381248950958,0,2
2020-08-24,0.35731348395347595,0,2
2020-08-25,0.5372363924980164,0,2
2020-08-26,0.5617262125015259,0,2
2020-08-27,0.5479683876037598,0,2
2020-08-28,0.8467456102371216,0,2
2020-08-31,0.1131664365530014,0,2
2020-09-01,0.08449186384677887,0,2
2020-09-02,0.2531180679798126,0,2
2020-09-03,0.2906239330768585,0,2
2020-09-04,0.27525976300239563,0,2
2020-09-08,0.2539200782775879,0,2
2020-09-09,0.18882381916046143,0,2
2020-09-10,0.29338541626930237,0,2
2020-09-11,0.42261114716529846,0,2
2020-09-14,0.26766422390937805,0,2
2020-09-15,0.44229575991630554,0,2
2020-09-16,0.3908710181713104,0,2
2020-09-17,0.436166375875473,0,2
2020-09-18,0.3908710181713104,0,2
2020-09-21,0.2630445957183838,0,2
2020-09-22,0.3351457417011261,0,2
2020-09-23,0.16878265142440796,0,2
2020-09-24,0.25955554842948914,0,2
2020-09-25,0.8262219429016113,0,2
2020-09-28,0.9052900075912476,0,2
2020-09-29,0.8868070840835571,1,2
2020-09-30,0.9056258201599121,1,2
2020-10-01,0.877642035484314,0,2
2020-10-02,0.8129746913909912,1,2
2020-10-05,0.7585133910179138,1,2
2020-10-06,0.7545809745788574,1,2
2020-10-07,0.7976390719413757,1,2
2020-10-08,0.7889671325683594,1,2
2020-10-09,0.6468652486801147,1,2
2020-10-12,0.6866086721420288,0,2
2020-10-13,0.8145527243614197,0,2
2020-10-14,0.7341164350509644,0,2
2020-10-15,0.8216592669487,0,2
2020-10-16,0.7604579925537109,0,2
2020-10-19,0.7149756550788879,0,2
2020-10-20,0.7420703768730164,0,2
2020-10-21,0.9510626196861267,0,2
2020-10-22,0.8926962018013,0,2
2020-10-23,0.9105170369148254,0,2
2020-10-26,0.9201840162277222,0,2
2020-10-27,0.9627406597137451,0,2
2020-10-28,0.9185289740562439,1,2
2020-10-29,0.9475058913230896,0,2
2020-10-30,0.9393481016159058,1,2
2020-11-02,0.9239892959594727,1,2
2020-11-03,0.9287769198417664,1,2
2020-11-04,0.9527254104614258,1,2
2020-11-05,0.9387940168380737,0,2
2020-11-06,0.9530834555625916,0,2
2020-11-09,0.9617397785186768,1,2
2020-11-10,0.9719119668006897,1,2
2020-11-11,0.9393776059150696,0,2
2020-11-12,0.9694219827651978,0,2
2020-11-13,0.9524721503257751,0,2
2020-11-16,0.9548763632774353,0,2
2020-11-17,0.9579985737800598,1,2
2020-11-18,0.9659461975097656,1,2
2020-11-19,0.9821797013282776,1,2
2020-11-20,0.987276017665863,1,2
2020-11-23,0.9735442399978638,1,2
2020-11-24,0.978565514087677,1,2
2020-11-25,0.9832141399383545,1,2
2020-11-27,0.978310763835907,1,2
2020-11-30,0.9956717491149902,1,2
2020-12-01,0.9573126435279846,1,2
2020-12-02,0.9528540372848511,1,2
2020-12-03,0.9749596118927002,1,2
2020-12-04,0.9951472878456116,1,2
2020-12-07,0.9891716837882996,1,2
2020-12-08,0.987001895904541,1,2
2020-12-09,0.9947412014007568,1,2
2020-12-10,0.9966610670089722,1,2
2020-12-11,0.9957595467567444,1,2
2020-12-14,0.9968733191490173,1,2
2020-12-15,0.9698057174682617,1,2
2020-12-16,0.9695405960083008,1,2
2020-12-17,0.9023703336715698,1,2
2020-12-18,0.9866458177566528,1,2
2020-12-21,0.9851512312889099,1,2
2020-12-22,0.992946207523346,1,2
2020-12-23,0.9891132116317749,1,2
2020-12-24,0.9817467927932739,1,2
2020-12-28,0.924606204032898,0,2
2020-12-29,0.9029613733291626,0,2
2020-12-30,0.9738818407058716,0,2
2020-12-31,0.9914355874061584,0,2
2021-01-04,0.9476321935653687,1,2
2021-01-05,0.9523486495018005,1,2
2021-01-06,0.655159056186676,1,2
2021-01-07,0.7404159903526306,1,2
2021-01-08,0.712121844291687,1,2
2021-01-11,0.5044262409210205,1,2
2021-01-12,0.4512293338775635,1,2
2021-01-13,0.8424379825592041,1,2
2021-01-14,0.6766421794891357,1,2
2021-01-15,0.7764587998390198,1,2
2021-01-19,0.7862906455993652,1,2
2021-01-20,0.8958558440208435,1,2
2021-01-21,0.8496981859207153,1,2
2021-01-22,0.9478150606155396,0,2
2021-01-25,0.9420363903045654,0,2
2021-01-26,0.9229979515075684,0,2
2021-01-27,0.8898133039474487,0,2
2021-01-28,0.9664358496665955,0,2
2021-01-29,0.8573019504547119,0,2
2021-02-01,0.8398507237434387,0,2
2021-02-02,0.7259258031845093,0,2
2021-02-03,0.5224332213401794,0,2
2021-02-04,0.43611013889312744,0,2
2021-02-05,0.6403024196624756,0,2
2021-02-08,0.6140384674072266,0,2
2021-02-09,0.8633270859718323,0,2
2021-02-10,0.8389782309532166,0,2
2021-02-11,0.8341047167778015,0,2
2021-02-12,0.856313943862915,0,2
2021-02-16,0.6782438158988953,0,2
2021-02-17,0.7385559678077698,0,2
2021-02-18,0.8030619025230408,0,2
2021-02-19,0.8752500414848328,0,2
2021-02-22,0.8646831512451172,0,2
2021-02-23,0.9363789558410645,0,2
2021-02-24,0.944588303565979,0,2
2021-02-25,0.9519561529159546,1,2
2021-02-26,0.9424724578857422,1,2
2021-03-01,0.8046313524246216,0,2
2021-03-02,0.9031103253364563,0,2
2021-03-03,0.8846956491470337,0,2
2021-03-04,0.9059731960296631,1,2
2021-03-05,0.8572576642036438,0,2
2021-03-08,0.9042850136756897,1,2
2021-03-09,0.8389388918876648,1,2
2021-03-10,0.856352686882019,1,2
2021-03-11,0.9347098469734192,1,2
2021-03-12,0.9197409749031067,1,2
2021-03-15,0.967815101146698,1,2
2021-03-16,0.982284665107727,1,2
2021-03-17,0.9862047433853149,1,2
2021-03-18,0.9742805361747742,1,2
2021-03-19,0.960343062877655,1,2
2021-03-22,0.9691851735115051,1,2
2021-03-23,0.9765602946281433,1,2
2021-03-24,0.9537537693977356,1,2
2021-03-25,0.9448018074035645,1,2
2021-03-26,0.9242213368415833,1,2
2021-03-29,0.9573272466659546,1,2
2021-03-30,0.9264171123504639,1,2
2021-03-31,0.9766132831573486,1,2
2021-04-01,0.9739884734153748,1,2
2021-04-05,0.9881787896156311,1,2
2021-04-06,0.9896805882453918,1,2
2021-04-07,0.9866254329681396,1,2
2021-04-08,0.9660395979881287,1,2
2021-04-09,0.9886500835418701,0,2
2021-04-12,0.9963175058364868,0,2
2021-04-13,0.989319920539856,0,2
2021-04-14,0.9995172023773193,0,2
2021-04-15,0.9887799024581909,0,2
2021-04-16,0.998197615146637,0,2
2021-04-19,0.9850884079933167,0,2
2021-04-20,0.9976611137390137,0,2
2021-04-21,0.9973164200782776,0,2
2021-04-22,0.9949387311935425,0,2
2021-04-23,0.9888198971748352,0,2
2021-04-26,0.09908450394868851,0,3
2021-04-27,0.13220788538455963,0,3
2021-04-28,0.28493234515190125,0,3
2021-04-29,0.4368323087692261,0,3
2021-04-30,0.5327855348587036,0,3
2021-05-03,0.607862114906311,0,3
2021-05-04,0.43126004934310913,0,3
2021-05-05,0.6591174006462097,0,3
2021-05-06,0.853748619556427,0,3
2021-05-07,0.878669261932373,0,3
2021-05-10,0.8877012133598328,0,3
2021-05-11,0.510901153087616,0,3
2021-05-12,0.9030234217643738,1,3
2021-05-13,0.5606911778450012,0,3
2021-05-14,0.8021842241287231,0,3
2021-05-17,0.8340771794319153,1,3
2021-05-18,0.7739179134368896,1,3
2021-05-19,0.855757474899292,1,3
2021-05-20,0.9441543817520142,1,3
2021-05-21,0.9713677167892456,1,3
2021-05-24,0.9461800456047058,1,3
2021-05-25,0.9733238220214844,1,3
2021-05-26,0.9735216498374939,1,3
2021-05-27,0.9687396287918091,1,3
2021-05-28,0.9642670154571533,1,3
2021-06-01,0.959364116191864,1,3
2021-06-02,0.9740924835205078,1,3
2021-06-03,0.9498076438903809,1,3
2021-06-04,0.933991551399231,1,3
2021-06-07,0.9469218254089355,1,3
2021-06-08,0.9664512276649475,1,3
2021-06-09,0.9622315764427185,1,3
2021-06-10,0.9878177046775818,1,3
2021-06-11,0.9504367709159851,1,3
2021-06-14,0.795004665851593,1,3
2021-06-15,0.8321105241775513,1,3
2021-06-16,0.6757687330245972,1,3
2021-06-17,0.7842015027999878,1,3
2021-06-18,0.7991712093353271,1,3
2021-06-21,0.4443153142929077,1,3
2021-06-22,0.33302828669548035,1,3
2021-06-23,0.09070783108472824,1,3
2021-06-24,0.14576184749603271,1,3
2021-06-25,0.3336494565010071,1,3
2021-06-28,0.2532973289489746,1,3
2021-06-29,0.17730899155139923,1,3
2021-06-30,0.051876168698072433,1,3
2021-07-01,0.011571607552468777,1,3
2021-07-02,0.03318863362073898,1,3
2021-07-06,0.04766741022467613,1,3
2021-07-07,0.02754896506667137,1,3
2021-07-08,0.19075915217399597,1,3
2021-07-09,0.16230233013629913,1,3
2021-07-12,0.3481501340866089,1,3
2021-07-13,0.2751104235649109,1,3
2021-07-14,0.19483068585395813,0,3
2021-07-15,0.3502824008464813,0,3
2021-07-16,0.41454777121543884,0,3
2021-07-19,0.8049251437187195,1,3
2021-07-20,0.23779983818531036,1,3
2021-07-21,0.3724883198738098,1,3
2021-07-22,0.18883785605430603,1,3
2021-07-23,0.191977396607399,0,3
2021-07-26,0.1464771330356598,0,3
2021-07-27,0.3061334192752838,1,3
2021-07-28,0.7572647929191589,1,3
2021-07-29,0.6948308348655701,1,3
2021-07-30,0.5805843472480774,1,3
2021-08-02,0.8067103028297424,1,3
2021-08-03,0.35941118001937866,1,3
2021-08-04,0.3994653522968292,1,3
2021-08-05,0.3505164384841919,1,3
2021-08-06,0.8084089756011963,1,3
2021-08-09,0.705592691898346,1,3
2021-08-10,0.7578469514846802,1,3
2021-08-11,0.6919342279434204,1,3
2021-08-12,0.11361600458621979,1,3
2021-08-13,0.059141770005226135,1,3
2021-08-16,0.039178553968667984,0,3
2021-08-17,0.055002834647893906,0,3
2021-08-18,0.6577978730201721,1,3
2021-08-19,0.708472490310669,1,3
2021-08-20,0.4868806004524231,1,3
2021-08-23,0.17176923155784607,1,3
2021-08-24,0.2518932819366455,1,3
2021-08-25,0.7447676062583923,1,3
2021-08-26,0.8505783081054688,1,3
2021-08-27,0.7515226602554321,1,3
2021-08-30,0.31887730956077576,0,3
2021-08-31,0.48822206258773804,1,3
2021-09-01,0.25293928384780884,1,3
2021-09-02,0.19020166993141174,0,3
2021-09-03,0.10675366222858429,0,3
2021-09-07,0.10836883634328842,0,3
2021-09-08,0.14763328433036804,0,3
2021-09-09,0.36425262689590454,0,3
2021-09-10,0.5819267630577087,0,3
2021-09-13,0.6046487092971802,0,3
2021-09-14,0.5571466088294983,0,3
2021-09-15,0.49902451038360596,0,3
2021-09-16,0.6135998964309692,0,3
2021-09-17,0.6464821100234985,0,3
2021-09-20,0.7803127765655518,0,3
2021-09-21,0.8594391345977783,0,3
2021-09-22,0.7043820023536682,0,3
2021-09-23,0.9176864624023438,0,3
2021-09-24,0.9237240552902222,0,3
2021-09-27,0.8285278081893921,0,3
2021-09-28,0.8812229633331299,1,3
2021-09-29,0.9067558646202087,1,3
2021-09-30,0.977878212928772,1,3
2021-10-01,0.9138227701187134,1,3
2021-10-04,0.9423438310623169,1,3
2021-10-05,0.9249207973480225,1,3
2021-10-06,0.9670814871788025,1,3
2021-10-07,0.9840625524520874,1,3
2021-10-08,0.994272768497467,1,3
2021-10-11,0.9937673807144165,1,3
2021-10-12,0.9934988021850586,1,3
2021-10-13,0.9795734882354736,1,3
2021-10-14,0.9803965091705322,1,3
2021-10-15,0.9510530233383179,1,3
2021-10-18,0.8213675022125244,1,3
2021-10-19,0.5784899592399597,1,3
2021-10-20,0.5990706086158752,1,3
2021-10-21,0.4431903660297394,1,3
2021-10-22,0.7243125438690186,1,3
2021-10-25,0.8229997158050537,1,3
2021-10-26,0.8313836455345154,1,3
2021-10-27,0.8528950810432434,1,3
2021-10-28,0.6859291791915894,0,3
2021-10-29,0.7459936738014221,1,3
2021-11-01,0.9447650909423828,1,3
2021-11-02,0.898070216178894,1,3
2021-11-03,0.40679478645324707,0,3
2021-11-04,0.5573264956474304,1,3
2021-11-05,0.5530949831008911,0,3
2021-11-08,0.5395796895027161,1,3
2021-11-09,0.4984419643878937,1,3
2021-11-10,0.6374930143356323,1,3
2021-11-11,0.7277001738548279,1,3
2021-11-12,0.7243385910987854,1,3
2021-11-15,0.8010563850402832,1,3
2021-11-16,0.7323806881904602,1,3
2021-11-17,0.4359683394432068,1,3
2021-11-18,0.5173588991165161,1,3
2021-11-19,0.22565603256225586,1,3
2021-11-22,0.18193419277668,0,3
2021-11-23,0.19241388142108917,0,3
2021-11-24,0.28516697883605957,0,3
2021-11-26,0.2556885778903961,1,3
2021-11-29,0.13558520376682281,1,3
2021-11-30,0.3366275131702423,1,3
2021-12-01,0.22530190646648407,1,3
2021-12-02,0.36518803238868713,1,3
2021-12-03,0.45891690254211426,1,3
2021-12-06,0.4414680302143097,1,3
2021-12-07,0.30465665459632874,1,3
2021-12-08,0.18921233713626862,1,3
2021-12-09,0.05656922608613968,1,3
2021-12-10,0.01558100525289774,0,3
2021-12-13,0.11726338416337967,0,3
2021-12-14,0.4089660942554474,1,3
2021-12-15,0.2608824074268341,0,3
2021-12-16,0.6218867301940918,1,3
2021-12-17,0.8012842535972595,1,3
2021-12-20,0.7305045127868652,1,3
2021-12-21,0.203995019197464,1,3
2021-12-22,0.2532162368297577,0,3
2021-12-23,0.2988440692424774,0,3
2021-12-27,0.21940213441848755,0,3
2021-12-28,0.3989981412887573,0,3
2021-12-29,0.22455550730228424,0,3
2021-12-30,0.26450133323669434,0,3
2021-12-31,0.33629244565963745,0,3
2022-01-03,0.09660094231367111,0,3
2022-01-04,0.19826723635196686,0,3
2022-01-05,0.780393123626709,0,3
2022-01-06,0.6584905982017517,0,3
2022-01-07,0.7431014776229858,0,3
2022-01-10,0.7501588463783264,0,3
2022-01-11,0.6616355180740356,0,3
2022-01-12,0.7647994160652161,0,3
2022-01-13,0.635582447052002,0,3
2022-01-14,0.6986584663391113,0,3
2022-01-18,0.7701995968818665,0,3
2022-01-19,0.7069360613822937,0,3
2022-01-20,0.9455133080482483,0,3
2022-01-21,0.9549694061279297,1,3
2022-01-24,0.7467086911201477,1,3
2022-01-25,0.8367542028427124,1,3
2022-01-26,0.9447446465492249,1,3
2022-01-27,0.9622536897659302,1,3
2022-01-28,0.6685839891433716,0,3
2022-01-31,0.9162836670875549,0,3
2022-02-01,0.8012335896492004,0,3
2022-02-02,0.6084397435188293,0,3
2022-02-03,0.7414858937263489,0,3
2022-02-04,0.6376611590385437,0,3
2022-02-07,0.6576759219169617,0,3
2022-02-08,0.3872871994972229,0,3
2022-02-09,0.25422462821006775,0,3
2022-02-10,0.49265754222869873,0,3
2022-02-11,0.8717632293701172,0,3
2022-02-14,0.928540050983429,0,3
2022-02-15,0.8543874025344849,0,3
2022-02-16,0.7907333374023438,0,3
2022-02-17,0.842607855796814,0,3
2022-02-18,0.9401253461837769,0,3
2022-02-22,0.7549452781677246,0,3
2022-02-23,0.9396909475326538,0,3
2022-02-24,0.8216918110847473,0,3
2022-02-25,0.917755663394928,0,3
2022-02-28,0.9664417505264282,0,3
2022-03-01,0.9764617085456848,0,3
2022-03-02,0.970684826374054,0,3
2022-03-03,0.9742615222930908,0,3
2022-03-04,0.9852609038352966,0,3
2022-03-07,0.9721646904945374,0,3
2022-03-08,0.9370142817497253,1,3
2022-03-09,0.9137324094772339,0,3
2022-03-10,0.9548920392990112,0,3
2022-03-11,0.844992458820343,1,3
2022-03-14,0.9657319784164429,1,3
2022-03-15,0.8662276268005371,1,3
2022-03-16,0.9547609686851501,1,3
2022-03-17,0.9878594279289246,1,3
2022-03-18,0.937458336353302,1,3
2022-03-21,0.8668990731239319,1,3
2022-03-22,0.7368614673614502,1,3
2022-03-23,0.8944066762924194,1,3
2022-03-24,0.2738041281700134,0,3
2022-03-25,0.11804869025945663,0,3
2022-03-28,0.015511225908994675,0,3
2022-03-29,0.015136130154132843,0,3
2022-03-30,0.042380839586257935,0,3
2022-03-31,0.11716610938310623,0,3
2022-04-01,0.1465214341878891,0,3
2022-04-04,0.05402541905641556,0,3
2022-04-05,0.11594241112470627,0,3
2022-04-06,0.537251353263855,0,3
2022-04-07,0.5927433371543884,0,3
2022-04-08,0.7094576358795166,0,3
2022-04-11,0.7061071395874023,0,3
2022-04-12,0.6810473799705505,0,3
2022-04-13,0.7596587538719177,0,3
2022-04-14,0.8784224987030029,0,3
2022-04-18,0.9491488337516785,0,3
2022-04-19,0.8369261026382446,0,3
2022-04-20,0.9242503643035889,0,3
2022-04-21,0.8739610910415649,0,3
2022-04-22,0.9239686727523804,0,3
2022-04-25,0.8199474215507507,0,3
2022-04-26,0.9594177007675171,1,3
2022-04-27,0.9833530187606812,1,3
2022-04-28,0.8461374044418335,0,3
2022-04-29,0.9703297019004822,1,3
2022-05-02,0.9615221619606018,1,3
2022-05-03,0.9521080255508423,0,3
2022-05-04,0.8024203777313232,0,3
2022-05-05,0.9226040244102478,0,3
2022-05-06,0.9437531232833862,0,3
2022-05-09,0.9191159009933472,0,3
2022-05-10,0.896769106388092,0,3
2022-05-11,0.9821966886520386,0,3
2022-05-12,0.9378851652145386,1,3
2022-05-13,0.6979474425315857,0,3
2022-05-16,0.8839186429977417,0,3
2022-05-17,0.8873068690299988,0,3
2022-05-18,0.970559298992157,1,3
2022-05-19,0.9666022062301636,1,3
2022-05-20,0.9701563119888306,1,3
2022-05-23,0.8392454981803894,0,3
2022-05-24,0.9296400547027588,1,3
2022-05-25,0.9658180475234985,1,3
2022-05-26,0.9684840440750122,0,3
2022-05-27,0.7661059498786926,0,3
2022-05-31,0.9183775782585144,0,3
2022-06-01,0.8866137266159058,0,3
2022-06-02,0.4372020661830902,0,3
2022-06-03,0.9411653876304626,0,3
2022-06-06,0.9575324654579163,0,3
2022-06-07,0.8096294403076172,0,3
2022-06-08,0.9410427212715149,0,3
2022-06-09,0.962795078754425,0,3
2022-06-10,0.9706875681877136,1,3
2022-06-13,0.9410598874092102,1,3
2022-06-14,0.9665194749832153,1,3
2022-06-15,0.7707218527793884,1,3
2022-06-16,0.9416549801826477,1,3
2022-06-17,0.8855754137039185,1,3
2022-06-21,0.8176433444023132,1,3
2022-06-22,0.9749429225921631,1,3
2022-06-23,0.9395532608032227,1,3
2022-06-24,0.888518214225769,1,3
2022-06-27,0.9041438698768616,1,3
2022-06-28,0.9753695130348206,1,3
2022-06-29,0.9728025794029236,1,3
2022-06-30,0.973163366317749,1,3
2022-07-01,0.9704177975654602,1,3
2022-07-05,0.9017139673233032,1,3
2022-07-06,0.6258776783943176,1,3
2022-07-07,0.5687576532363892,1,3
2022-07-08,0.22830335795879364,1,3
2022-07-11,0.6955363154411316,1,3
2022-07-12,0.782524585723877,1,3
2022-07-13,0.5815144181251526,1,3
2022-07-14,0.34825390577316284,1,3
2022-07-15,0.12895293533802032,1,3
2022-07-18,0.3116457164287567,1,3
2022-07-19,0.10050395876169205,1,3
2022-07-20,0.17210516333580017,1,3
2022-07-21,0.01451427023857832,1,3
2022-07-22,0.02060876041650772,1,3
2022-07-25,0.16011080145835876,1,3
2022-07-26,0.3039678633213043,1,3
2022-07-27,0.10097026824951172,1,3
2022-07-28,0.051089219748973846,1,3
2022-07-29,0.0388341024518013,1,3
2022-08-01,0.11570098996162415,1,3
2022-08-02,0.3412226736545563,1,3
2022-08-03,0.08673958480358124,1,3
2022-08-04,0.19414041936397552,1,3
2022-08-05,0.20260293781757355,1,3
2022-08-08,0.2544916272163391,1,3
2022-08-09,0.2566625475883484,1,3
2022-08-10,0.21580687165260315,0,3
2022-08-11,0.3734751343727112,1,3
2022-08-12,0.08311264216899872,0,3
2022-08-15,0.107724130153656,0,3
2022-08-16,0.08112740516662598,0,3
2022-08-17,0.10264446586370468,0,3
2022-08-18,0.28843942284584045,0,3
2022-08-19,0.141977459192276,0,3
2022-08-22,0.6813541054725647,0,3
2022-08-23,0.7042152881622314,0,3
2022-08-24,0.6846157908439636,0,3
2022-08-25,0.33589968085289,0,3
2022-08-26,0.7614011764526367,0,3
2022-08-29,0.9004219174385071,0,3
2022-08-30,0.9163262844085693,0,3
2022-08-31,0.9402446746826172,1,3
2022-09-01,0.9161494374275208,1,3
2022-09-02,0.9526435732841492,1,3
2022-09-06,0.9529373049736023,1,3
2022-09-07,0.9602575302124023,1,3
2022-09-08,0.9893619418144226,1,3
2022-09-09,0.9010814428329468,1,3
2022-09-12,0.40222591161727905,0,3
2022-09-13,0.9749307036399841,0,3
2022-09-14,0.960227370262146,0,3
2022-09-15,0.9860731363296509,0,3
2022-09-16,0.9842987060546875,0,3
2022-09-19,0.936083972454071,0,3
2022-09-20,0.9670909643173218,0,3
2022-09-21,0.975426435470581,0,3
2022-09-22,0.9807434678077698,0,3
2022-09-23,0.9798710942268372,0,3
2022-09-26,0.9860683679580688,0,3
2022-09-27,0.9741403460502625,0,3
2022-09-28,0.9780900478363037,0,3
2022-09-29,0.9747917056083679,1,3
2022-09-30,0.9887709021568298,1,3
2022-10-03,0.7457544207572937,1,3
2022-10-04,0.8746822476387024,0,3
2022-10-05,0.9637140035629272,0,3
2022-10-06,0.9626440405845642,1,3
2022-10-07,0.9565298557281494,1,3
2022-10-10,0.9800280332565308,1,3
2022-10-11,0.9812301397323608,1,3
2022-10-12,0.9853686690330505,1,3
2022-10-13,0.9496644139289856,1,3
2022-10-14,0.9575840830802917,1,3
2022-10-17,0.9527429342269897,1,3
2022-10-18,0.933050274848938,1,3
2022-10-19,0.9683678150177002,1,3
2022-10-20,0.9734265208244324,1,3
2022-10-21,0.8188616037368774,1,3
2022-10-24,0.704525887966156,0,3
2022-10-25,0.8068227767944336,0,4
2022-10-26,0.894628643989563,0,4
2022-10-27,0.9511213898658752,1,4
2022-10-28,0.8113097548484802,0,4
2022-10-31,0.8936299681663513,0,4
2022-11-01,0.8659818172454834,0,4
2022-11-02,0.8847268223762512,0,4
2022-11-03,0.956731915473938,1,4
2022-11-04,0.9124985337257385,1,4
2022-11-07,0.8552921414375305,1,4
2022-11-08,0.794314444065094,1,4
2022-11-09,0.9044106602668762,1,4
2022-11-10,0.6834639310836792,0,4
2022-11-11,0.9480584859848022,0,4
2022-11-14,0.9532582759857178,0,4
2022-11-15,0.9513782858848572,0,4
2022-11-16,0.9733205437660217,0,4
2022-11-17,0.9423567056655884,0,4
2022-11-18,0.8391556143760681,0,4
2022-11-21,0.8208824992179871,0,4
2022-11-22,0.7053202390670776,0,4
2022-11-23,0.7266768217086792,0,4
2022-11-25,0.7966543436050415,0,4
2022-11-28,0.9500007033348083,0,4
2022-11-29,0.9358596801757812,0,4
2022-11-30,0.7678030729293823,0,4
2022-12-01,0.9398177862167358,0,4
2022-12-02,0.973889172077179,0,4
2022-12-05,0.9697176218032837,0,4
2022-12-06,0.8762284517288208,0,4
2022-12-07,0.9012037515640259,0,4
2022-12-08,0.5558332800865173,0,4
2022-12-09,0.7459172606468201,0,4
2022-12-12,0.8823237419128418,0,4
2022-12-13,0.9501237273216248,0,4
2022-12-14,0.9292466640472412,0,4
2022-12-15,0.9293578863143921,0,4
2022-12-16,0.9498887062072754,0,4
2022-12-19,0.9878025650978088,0,4
2022-12-20,0.991696298122406,0,4
2022-12-21,0.9397002458572388,0,4
2022-12-22,0.9785294532775879,0,4
2022-12-23,0.9860895872116089,0,4
2022-12-27,0.9936673045158386,1,4
2022-12-28,0.9986171722412109,1,4
2022-12-29,0.9888052940368652,1,4
2022-12-30,0.9822288751602173,0,4
2023-01-03,0.9874178171157837,1,4
2023-01-04,0.9866247177124023,1,4
2023-01-05,0.9937991499900818,1,4
2023-01-06,0.9730519652366638,1,4
2023-01-09,0.9902760982513428,1,4
2023-01-10,0.9895004630088806,1,4
2023-01-11,0.9857004880905151,1,4
2023-01-12,0.9648293256759644,1,4
2023-01-13,0.9184593558311462,1,4
2023-01-17,0.9710274338722229,1,4
2023-01-18,0.9800921678543091,1,4
2023-01-19,0.9810792207717896,1,4
2023-01-20,0.9361128211021423,1,4
2023-01-23,0.9098406434059143,1,4
2023-01-24,0.828434944152832,1,4
2023-01-25,0.8528688549995422,1,4
2023-01-26,0.7577330470085144,1,4
2023-01-27,0.8086047768592834,1,4
2023-01-30,0.9083389043807983,1,4
2023-01-31,0.8695336580276489,1,4
2023-02-01,0.8896017074584961,1,4
2023-02-02,0.8299580216407776,1,4
2023-02-03,0.28346750140190125,0,4
2023-02-06,0.7636451125144958,0,4
2023-02-07,0.9157847762107849,0,4
2023-02-08,0.9364786744117737,0,4
2023-02-09,0.9764916300773621,0,4
2023-02-10,0.9793453216552734,0,4
2023-02-13,0.965162456035614,0,4
2023-02-14,0.9502299427986145,0,4
2023-02-15,0.8301560878753662,0,4
2023-02-16,0.8568145632743835,0,4
2023-02-17,0.796588122844696,0,4
2023-02-21,0.8036916255950928,1,4
2023-02-22,0.6929739117622375,1,4
2023-02-23,0.34994515776634216,1,4
2023-02-24,0.1181485578417778,1,4
2023-02-27,0.22673951089382172,1,4
2023-02-28,0.18210692703723907,1,4
2023-03-01,0.19676150381565094,1,4
2023-03-02,0.26291894912719727,1,4
2023-03-03,0.15283259749412537,1,4
2023-03-06,0.3786281645298004,0,4
2023-03-07,0.4833981990814209,1,4
2023-03-08,0.4878943860530853,1,4
2023-03-09,0.6304758191108704,1,4
2023-03-10,0.6146684885025024,1,4
2023-03-13,0.6226205825805664,1,4
2023-03-14,0.5690378546714783,1,4
2023-03-15,0.512296199798584,1,4
2023-03-16,0.30949440598487854,1,4
2023-03-17,0.33447548747062683,1,4
2023-03-20,0.1743810772895813,1,4
2023-03-21,0.21445921063423157,1,4
2023-03-22,0.25198641419410706,1,4
2023-03-23,0.1581876277923584,1,4
2023-03-24,0.37021341919898987,1,4
2023-03-27,0.275507390499115,1,4
2023-03-28,0.2716984748840332,1,4
2023-03-29,0.29767289757728577,1,4
2023-03-30,0.1977889984846115,1,4
2023-03-31,0.11573788523674011,0,4
2023-04-03,0.13392625749111176,0,4
2023-04-04,0.2182380110025406,0,4
2023-04-05,0.38750267028808594,1,4
2023-04-06,0.3146694600582123,0,4
2023-04-10,0.6313068270683289,1,4
2023-04-11,0.6891922354698181,1,4
2023-04-12,0.5895956754684448,1,4
2023-04-13,0.05622405931353569,1,4
2023-04-14,0.15152157843112946,1,4
2023-04-17,0.08367519080638885,1,4
2023-04-18,0.0770210325717926,1,4
2023-04-19,0.11006712168455124,1,4
2023-04-20,0.19243495166301727,1,4
2023-04-21,0.34147879481315613,1,4
2023-04-24,0.34722909331321716,1,4
2023-04-25,0.5453110337257385,1,4
2023-04-26,0.574586033821106,1,4
2023-04-27,0.03312330320477486,1,4
2023-04-28,0.05118159204721451,1,4
2023-05-01,0.01872795633971691,1,4
2023-05-02,0.07321307808160782,1,4
2023-05-03,0.14968782663345337,1,4
2023-05-04,0.22947129607200623,1,4
2023-05-05,0.182357057929039,1,4
2023-05-08,0.134919211268425,1,4
2023-05-09,0.17738351225852966,1,4
2023-05-10,0.12082216888666153,1,4
2023-05-11,0.14097395539283752,1,4
2023-05-12,0.1451786309480667,1,4
2023-05-15,0.17418962717056274,1,4
2023-05-16,0.17667368054389954,1,4
2023-05-17,0.11622511595487595,1,4
2023-05-18,0.05432404205203056,1,4
2023-05-19,0.11156192421913147,1,4
2023-05-22,0.12931518256664276,1,4
2023-05-23,0.16203565895557404,1,4
2023-05-24,0.5067823529243469,1,4
2023-05-25,0.3982938230037689,1,4
2023-05-26,0.0664888471364975,1,4
2023-05-30,0.05808666720986366,1,4
2023-05-31,0.10685360431671143,1,4
2023-06-01,0.026517516002058983,1,4
2023-06-02,0.059494808316230774,1,4
2023-06-05,0.042902663350105286,1,4
2023-06-06,0.0851147323846817,1,4
2023-06-07,0.18593329191207886,1,4
2023-06-08,0.06338761746883392,1,4
2023-06-09,0.09174744039773941,1,4
2023-06-12,0.03256941959261894,1,4
2023-06-13,0.049891214817762375,1,4
2023-06-14,0.02518465928733349,1,4
2023-06-15,0.039736147969961166,1,4
2023-06-16,0.06615719199180603,1,4
2023-06-20,0.04381858929991722,1,4
2023-06-21,0.06464734673500061,1,4
2023-06-22,0.00916589330881834,1,4
2023-06-23,0.018047554418444633,1,4
2023-06-26,0.04809217527508736,1,4
2023-06-27,0.01880495436489582,1,4
2023-06-28,0.023662250488996506,1,4
2023-06-29,0.010999110527336597,1,4
2023-06-30,0.16934676468372345,0,4
2023-07-03,0.5020244121551514,0,4
2023-07-05,0.32696589827537537,1,4
2023-07-06,0.2642322778701782,0,4
2023-07-07,0.3539183735847473,1,4
2023-07-10,0.37651410698890686,1,4
2023-07-11,0.5275465846061707,1,4
2023-07-12,0.26092833280563354,1,4
2023-07-13,0.16730310022830963,1,4
2023-07-14,0.1636056900024414,1,4
2023-07-17,0.07757271081209183,0,4
2023-07-18,0.06367313861846924,0,4
2023-07-19,0.1036078929901123,0,4
2023-07-20,0.45924249291419983,0,4
2023-07-21,0.34847646951675415,1,4
2023-07-24,0.2654454708099365,1,4
2023-07-25,0.09599058330059052,0,4
2023-07-26,0.05055011063814163,0,4
2023-07-27,0.1016186997294426,0,4
2023-07-28,0.048057980835437775,0,4
2023-07-31,0.011666676960885525,0,4
2023-08-01,0.017788561061024666,0,4
2023-08-02,0.038871876895427704,0,4
2023-08-03,0.057660408318042755,0,4
2023-08-04,0.2684701979160309,0,4
2023-08-07,0.4963321089744568,1,4
2023-08-08,0.8212913274765015,0,4
2023-08-09,0.9319277405738831,1,4
2023-08-10,0.8985777497291565,1,4
2023-08-11,0.9262356758117676,1,4
2023-08-14,0.8922619819641113,0,4
2023-08-15,0.9807908535003662,1,4
2023-08-16,0.9861077070236206,1,4
2023-08-17,0.9851000905036926,1,4
2023-08-18,0.986936628818512,1,4
2023-08-21,0.8609433174133301,1,4
2023-08-22,0.7726905345916748,1,4
2023-08-23,0.7966107130050659,1,4
2023-08-24,0.7482302784919739,1,4
2023-08-25,0.8254619240760803,1,4
2023-08-28,0.8219175338745117,1,4
2023-08-29,0.9396561980247498,0,4
2023-08-30,0.9262362718582153,0,4
2023-08-31,0.5243167281150818,0,4
2023-09-01,0.7514665722846985,0,4
2023-09-05,0.7833262085914612,0,4
2023-09-06,0.907739520072937,0,4
2023-09-07,0.8092569708824158,0,4
2023-09-08,0.7644177675247192,0,4
2023-09-11,0.7932038903236389,0,4
2023-09-12,0.4851536750793457,0,4
2023-09-13,0.7101097106933594,0,4
2023-09-14,0.7793325781822205,0,4
2023-09-15,0.8108897805213928,0,4
2023-09-18,0.7120627760887146,0,4
2023-09-19,0.8098210096359253,0,4
2023-09-20,0.5591204166412354,0,4
2023-09-21,0.7550675272941589,1,4
2023-09-22,0.9427047371864319,1,4
2023-09-25,0.896940290927887,0,4
2023-09-26,0.6897053122520447,1,4
2023-09-27,0.8741838335990906,1,4
2023-09-28,0.8519576191902161,1,4
2023-09-29,0.8929780125617981,1,4
2023-10-02,0.9088842272758484,1,4
2023-10-03,0.9501675963401794,1,4
2023-10-04,0.9727003574371338,1,4
2023-10-05,0.977767288684845,1,4
2023-10-06,0.9639920592308044,0,4
2023-10-09,0.9484149813652039,0,4
2023-10-10,0.9580598473548889,0,4
2023-10-11,0.840749979019165,0,4
2023-10-12,0.9445895552635193,0,4
2023-10-13,0.9517289996147156,0,4
2023-10-16,0.9436299800872803,0,4
2023-10-17,0.9543618559837341,0,4
2023-10-18,0.9641566276550293,0,4
2023-10-19,0.9343696236610413,0,4
2023-10-20,0.8928495645523071,0,4
2023-10-23,0.8732489943504333,0,4
2023-10-24,0.8566290736198425,0,4
2023-10-25,0.8237622380256653,0,4
2023-10-26,0.9349013566970825,1,4
2023-10-27,0.9301637411117554,1,4
2023-10-30,0.9073317646980286,1,4
2023-10-31,0.9561188220977783,1,4
2023-11-01,0.9500970244407654,1,4
2023-11-02,0.9181127548217773,1,4
2023-11-03,0.9306742548942566,1,4
2023-11-06,0.8818783760070801,1,4
2023-11-07,0.9259938597679138,1,4
2023-11-08,0.7289047837257385,1,4
2023-11-09,0.8372750282287598,1,4
2023-11-10,0.4892694056034088,1,4
2023-11-13,0.8250265121459961,1,4
2023-11-14,0.5608276128768921,1,4
2023-11-15,0.8801926970481873,1,4
2023-11-16,0.4857729375362396,1,4
2023-11-17,0.6317096948623657,1,4
2023-11-20,0.6225698590278625,1,4
2023-11-21,0.9017685055732727,1,4
2023-11-22,0.9625248312950134,1,4
2023-11-24,0.9128024578094482,1,4
2023-11-27,0.8638179898262024,1,4
2023-11-28,0.8458755612373352,1,4
2023-11-29,0.8258629441261292,1,4
2023-11-30,0.6482496857643127,1,4
2023-12-01,0.10681026428937912,1,4
2023-12-04,0.5615046620368958,1,4
2023-12-05,0.32186341285705566,1,4
2023-12-06,0.5048806667327881,1,4
2023-12-07,0.25923386216163635,1,4
2023-12-08,0.3216979503631592,0,4
2023-12-11,0.3004463315010071,1,4
2023-12-12,0.20554102957248688,1,4
2023-12-13,0.1308901458978653,0,4
2023-12-14,0.26856446266174316,0,4
2023-12-15,0.24499686062335968,0,4
2023-12-18,0.44759348034858704,0,4
2023-12-19,0.33467715978622437,0,4
2023-12-20,0.5989710688591003,0,4
2023-12-21,0.6923370957374573,0,4
2023-12-22,0.8392676711082458,0,4
2023-12-26,0.5996593236923218,0,4
2023-12-27,0.5407544374465942,0,4
2023-12-28,0.540327787399292,0,4
2023-12-29,0.44473937153816223,0,4
2024-01-02,0.8609360456466675,1,4
2024-01-03,0.974474310874939,1,4
2024-01-04,0.9947051405906677,1,4
2024-01-05,0.9960781931877136,1,4
2024-01-08,0.8662724494934082,1,4
2024-01-09,0.9779236912727356,1,4
2024-01-10,0.9644371867179871,1,4
2024-01-11,0.9762119650840759,1,4
2024-01-12,0.9707289934158325,1,4
2024-01-16,0.9431673884391785,1,4
2024-01-17,0.9524160027503967,1,4
2024-01-18,0.855884850025177,1,4
2024-01-19,0.9567360281944275,0,4
2024-01-22,0.94919353723526,0,4
2024-01-23,0.9680469632148743,0,4
2024-01-24,0.9640849232673645,0,4
2024-01-25,0.9674364924430847,0,4
2024-01-26,0.9584130644798279,0,4
2024-01-29,0.9492864608764648,0,4
2024-01-30,0.8762192130088806,0,4
2024-01-31,0.8644178509712219,1,4
2024-02-01,0.8339571356773376,0,4
2024-02-02,0.9025779366493225,0,4
2024-02-05,0.9240779876708984,0,4
2024-02-06,0.9309247732162476,0,4
2024-02-07,0.9424251317977905,0,4
2024-02-08,0.9625986218452454,0,4
2024-02-09,0.9493231773376465,0,4
2024-02-12,0.9763191342353821,0,4
2024-02-13,0.9211323857307434,0,4
2024-02-14,0.912272572517395,0,4
2024-02-15,0.9421344995498657,0,4
2024-02-16,0.9315061569213867,0,4
2024-02-20,0.930599570274353,0,4
2024-02-21,0.9162814617156982,0,4
2024-02-22,0.9660879373550415,0,4
2024-02-23,0.9644025564193726,0,4
2024-02-26,0.9635463953018188,0,4
2024-02-27,0.9572945833206177,0,4
2024-02-28,0.9347021579742432,0,4
2024-02-29,0.8699025511741638,0,4
2024-03-01,0.7864166498184204,0,4
2024-03-04,0.9005182981491089,0,4
2024-03-05,0.9751613736152649,1,4
2024-03-06,0.9976264834403992,1,4
2024-03-07,0.9967120885848999,1,4
2024-03-08,0.9982497096061707,1,4
2024-03-11,0.9726913571357727,1,4
2024-03-12,0.9821735620498657,1,4
2024-03-13,0.9724383354187012,1,4
2024-03-14,0.9811950325965881,1,4
2024-03-15,0.9846839308738708,1,4
2024-03-18,0.9885208606719971,1,4
2024-03-19,0.9809920191764832,0,4
2024-03-20,0.9695102572441101,0,4
2024-03-21,0.940725564956665,1,4
2024-03-22,0.9696199893951416,0,4
2024-03-25,0.9510617256164551,1,4
2024-03-26,0.9580772519111633,1,4
2024-03-27,0.9774398803710938,0,4
2024-03-28,0.9660716652870178,0,4
2024-04-01,0.9599345922470093,1,4
2024-04-02,0.9586755037307739,1,4
2024-04-03,0.9629278779029846,1,4
2024-04-04,0.985605776309967,1,4
2024-04-05,0.9639530777931213,1,4
2024-04-08,0.9830945134162903,1,4
2024-04-09,0.9637477397918701,1,4
2024-04-10,0.9813282489776611,1,4
2024-04-11,0.9100723266601562,0,4
2024-04-12,0.9662644863128662,0,4
2024-04-15,0.8777309656143188,0,4
2024-04-16,0.8965775370597839,1,4
2024-04-17,0.9374699592590332,1,4
2024-04-18,0.9358159899711609,1,4
2024-04-19,0.9726629257202148,1,4
2024-04-22,0.9578073620796204,1,4
2024-04-23,0.8888470530509949,1,4
2024-04-24,0.9256930351257324,1,4
2024-04-25,0.9589520692825317,1,4
2024-04-26,0.9722707271575928,1,4
2024-04-29,0.91639244556427,1,4
2024-04-30,0.694005012512207,1,5
2024-05-01,0.83201664686203,1,5
2024-05-02,0.822851300239563,1,5
2024-05-03,0.6781640648841858,1,5
2024-05-06,0.6769484281539917,1,5
2024-05-07,0.5888351798057556,1,5
2024-05-08,0.6284816861152649,1,5
2024-05-09,0.5735469460487366,1,5
2024-05-10,0.6614813804626465,1,5
2024-05-13,0.7275404930114746,1,5
2024-05-14,0.6436223387718201,1,5
2024-05-15,0.5762233734130859,1,5
2024-05-16,0.7400380969047546,1,5
2024-05-17,0.8291381597518921,1,5
2024-05-20,0.7759225368499756,1,5
2024-05-21,0.9009847044944763,1,5
2024-05-22,0.9657325744628906,1,5
2024-05-23,0.8451563119888306,1,5
2024-05-24,0.8939005732536316,1,5
2024-05-28,0.9173426032066345,1,5
2024-05-29,0.8504621386528015,1,5
2024-05-30,0.7019361853599548,1,5
2024-05-31,0.6175437569618225,1,5
2024-06-03,0.40727224946022034,1,5
2024-06-04,0.3477593660354614,1,5
2024-06-05,0.29757076501846313,1,5
2024-06-06,0.3221457898616791,1,5
2024-06-07,0.3445618748664856,0,5
2024-06-10,0.5042816400527954,1,5
2024-06-11,0.36492276191711426,1,5
2024-06-12,0.47562384605407715,1,5
2024-06-13,0.6559933423995972,1,5
2024-06-14,0.724654495716095,1,5
2024-06-17,0.611762523651123,0,5
2024-06-18,0.6403113007545471,1,5
2024-06-20,0.5782853960990906,1,5
2024-06-21,0.5714637637138367,1,5
2024-06-24,0.5081072449684143,1,5
2024-06-25,0.31482431292533875,1,5
2024-06-26,0.20033709704875946,1,5
2024-06-27,0.3507976830005646,1,5
2024-06-28,0.15582586824893951,1,5
2024-07-01,0.11608155816793442,1,5
2024-07-02,0.6578481197357178,1,5
2024-07-03,0.5811400413513184,1,5
2024-07-05,0.475739449262619,0,5
2024-07-08,0.588280200958252,0,5
2024-07-09,0.7701295614242554,0,5
2024-07-10,0.6210379004478455,0,5
2024-07-11,0.8866490721702576,1,5
2024-07-12,0.9240593314170837,0,5
2024-07-15,0.843035876750946,0,5
2024-07-16,0.8451959490776062,0,5
2024-07-17,0.7848337888717651,0,5
2024-07-18,0.5732364058494568,0,5
2024-07-19,0.7405710816383362,0,5
2024-07-22,0.8675345778465271,0,5
2024-07-23,0.902204692363739,0,5
2024-07-24,0.7185270190238953,0,5
2024-07-25,0.8087836503982544,0,5
2024-07-26,0.8092753887176514,0,5
2024-07-29,0.7564226388931274,0,5
2024-07-30,0.8488763570785522,0,5
2024-07-31,0.7971487045288086,0,5
2024-08-01,0.7562470436096191,0,5
2024-08-02,0.8862084150314331,0,5
2024-08-05,0.38055577874183655,1,5
2024-08-06,0.6238672733306885,1,5
2024-08-07,0.7171868085861206,1,5
2024-08-08,0.4479246437549591,1,5
2024-08-09,0.4966495633125305,1,5
2024-08-12,0.23977628350257874,1,5
2024-08-13,0.1435694843530655,1,5
2024-08-14,0.46249639987945557,1,5
2024-08-15,0.7063818573951721,0,5
2024-08-16,0.6363843083381653,0,5
2024-08-19,0.562425434589386,0,5
2024-08-20,0.5874908566474915,0,5
2024-08-21,0.6626853346824646,0,5
2024-08-22,0.6841801404953003,0,5
2024-08-23,0.6284587383270264,0,5
2024-08-26,0.588417112827301,0,5
2024-08-27,0.5076127648353577,0,5
2024-08-28,0.5453574061393738,0,5
2024-08-29,0.5121824145317078,0,5
2024-08-30,0.6283876299858093,0,5
2024-09-03,0.557020902633667,0,5
2024-09-04,0.4205978810787201,1,5
2024-09-05,0.6444349884986877,0,5
2024-09-06,0.6268664002418518,1,5
2024-09-09,0.6676080226898193,0,5
2024-09-10,0.6745277643203735,1,5
2024-09-11,0.4138909578323364,0,5
2024-09-12,0.5681669116020203,0,5
2024-09-13,0.34966668486595154,0,5
2024-09-16,0.572407603263855,1,5
2024-09-17,0.541337788105011,1,5
2024-09-18,0.5019457340240479,1,5
2024-09-19,0.43162500858306885,0,5
2024-09-20,0.6415203213691711,1,5
2024-09-23,0.6786953210830688,1,5
2024-09-24,0.6507478952407837,1,5
2024-09-25,0.6996256709098816,1,5
2024-09-26,0.689508855342865,1,5
2024-09-27,0.7158932685852051,1,5
2024-09-30,0.7545617818832397,0,5
2024-10-01,0.703298032283783,1,5
2024-10-02,0.6086360812187195,1,5
2024-10-03,0.7002977728843689,1,5
2024-10-04,0.7147873640060425,1,5
2024-10-07,0.28742995858192444,1,5
2024-10-08,0.46656155586242676,1,5
2024-10-09,0.5588447451591492,0,5
2024-10-10,0.7287741303443909,0,5
2024-10-11,0.674542248249054,1,5
2024-10-14,0.5703683495521545,0,5
2024-10-15,0.6417942643165588,0,5
2024-10-16,0.7281435132026672,0,5
2024-10-17,0.7562883496284485,0,5
2024-10-18,0.7876256108283997,0,5
2024-10-21,0.796092689037323,0,5
2024-10-22,0.836500883102417,0,5
2024-10-23,0.4538804590702057,0,5
2024-10-24,0.5020900964736938,0,5
2024-10-25,0.5075329542160034,0,5
2024-10-28,0.4376053810119629,0,5
2024-10-29,0.5463786125183105,0,5
2024-10-30,0.5732900500297546,0,5
2024-10-31,0.37530815601348877,1,5
2024-11-01,0.6262432932853699,1,5
2024-11-04,0.8551446199417114,1,5
2024-11-05,0.8227854371070862,1,5
2024-11-06,0.8479063510894775,1,5
2024-11-07,0.6572716236114502,1,5
2024-11-08,0.6277434229850769,1,5
2024-11-11,0.574203372001648,1,5
2024-11-12,0.5979611277580261,1,5
2024-11-13,0.6481037735939026,1,5
2024-11-14,0.47205686569213867,1,5
2024-11-15,0.6063591837882996,1,5
2024-11-18,0.595795750617981,1,5
2024-11-19,0.5694270730018616,1,5
2024-11-20,0.5329002141952515,1,5
2024-11-21,0.5552982091903687,1,5
2024-11-22,0.6768486499786377,1,5
2024-11-25,0.5957021713256836,1,5
2024-11-26,0.6648159623146057,1,5
2024-11-27,0.7151902318000793,1,5
2024-11-29,0.6124716997146606,1,5
2024-12-02,0.33009177446365356,1,5
2024-12-03,0.27184394001960754,1,5
2024-12-04,0.3133624494075775,1,5
2024-12-05,0.30439943075180054,1,5
2024-12-06,0.2930505871772766,1,5
2024-12-09,0.5374326109886169,1,5
2024-12-10,0.2341097593307495,1,5
2024-12-11,0.3129744529724121,1,5
2024-12-12,0.4738015830516815,1,5
2024-12-13,0.3172571361064911,1,5
2024-12-16,0.4950887858867645,1,5
2024-12-17,0.5371623635292053,0,5
2024-12-18,0.6607590913772583,1,5
2024-12-19,0.6206392645835876,1,5
2024-12-20,0.5349522233009338,1,5
2024-12-23,0.7440223693847656,0,5
2024-12-24,0.30924972891807556,0,5
2024-12-26,0.46621406078338623,0,5
2024-12-27,0.9139832854270935,0,5
2024-12-30,0.9380536675453186,0,5
2024-12-31,0.9085832238197327,0,5
2025-01-02,0.7314881682395935,0,5
2025-01-03,0.8598624467849731,0,5
2025-01-06,0.8492739796638489,0,5
2025-01-07,0.7806684970855713,0,5
2025-01-08,0.8159680962562561,0,5
2025-01-10,0.7657837867736816,0,5
2025-01-13,0.7333923578262329,0,5
2025-01-14,0.9002630710601807,0,5
2025-01-15,0.8674980998039246,0,5
2025-01-16,0.6319443583488464,1,5
2025-01-17,0.6635838747024536,0,5
2025-01-21,0.821833074092865,1,5
2025-01-22,0.7698792219161987,1,5
2025-01-23,0.7803823351860046,1,5
2025-01-24,0.8827400207519531,1,5
2025-01-27,0.6285483837127686,1,5
2025-01-28,0.4008203148841858,0,5
2025-01-29,0.7453243732452393,0,5
2025-01-30,0.8167123198509216,0,5
2025-01-31,0.7781863808631897,1,5
2025-02-03,0.49711471796035767,1,5
2025-02-04,0.4836895763874054,1,5
2025-02-05,0.5302975177764893,1,5
2025-02-06,0.6380858421325684,1,5
2025-02-07,0.5158187747001648,1,5
2025-02-10,0.46270042657852173,1,5
2025-02-11,0.5625307559967041,1,5
2025-02-12,0.7189198136329651,1,5
2025-02-13,0.8114878535270691,0,5
2025-02-14,0.684375524520874,0,5
2025-02-18,0.7432690858840942,0,5
2025-02-19,0.8332881927490234,0,5
2025-02-20,0.6938830614089966,0,5
2025-02-21,0.7463581562042236,0,5
2025-02-24,0.7561954855918884,0,5
2025-02-25,0.8362380266189575,0,5
2025-02-26,0.7181443572044373,0,5
2025-02-27,0.5214108824729919,0,5
2025-02-28,0.5271961688995361,0,5
2025-03-03,0.4200679659843445,0,5
2025-03-04,0.4521551728248596,0,5
2025-03-05,0.34433436393737793,0,5
2025-03-06,0.4314407706260681,0,5
2025-03-07,0.3059850037097931,0,5
2025-03-10,0.227635458111763,0,5
2025-03-11,0.15189605951309204,0,5
2025-03-12,0.5895335078239441,0,5
2025-03-13,0.5235193371772766,1,5
2025-03-14,0.5127046704292297,1,5
2025-03-17,0.636570155620575,1,5
2025-03-18,0.7565779685974121,1,5
2025-03-19,0.3497771620750427,1,5
2025-03-20,0.42721545696258545,1,5
2025-03-21,0.24445122480392456,0,5
2025-03-24,0.17364494502544403,0,5
2025-03-25,0.2542119026184082,0,5
2025-03-26,0.31127670407295227,0,5
2025-03-27,0.3013676404953003,0,5
2025-03-28,0.3615392744541168,0,5
2025-03-31,0.4501956105232239,0,5
2025-04-01,0.4801449179649353,0,5
2025-04-02,0.5011957883834839,0,5
2025-04-03,0.14417438209056854,0,5
2025-04-04,0.1917082965373993,0,5
2025-04-07,0.22802719473838806,1,5
2025-04-08,0.27871188521385193,1,5
2025-04-09,0.0834728479385376,0,5
2025-04-10,0.17933343350887299,1,5
2025-04-11,0.06382475793361664,0,5
2025-04-14,0.08385922759771347,0,5
2025-04-15,0.19190244376659393,0,5
2025-04-16,0.22621013224124908,0,5
2025-04-17,0.21346810460090637,0,5
2025-04-21,0.22366614639759064,1,5
2025-04-22,0.13358423113822937,0,5
2025-04-23,0.29188093543052673,0,5
2025-04-24,0.38319042325019836,0,5
2025-04-25,0.44230639934539795,0,5
2025-04-28,0.4125976860523224,0,5
2025-04-29,0.40025684237480164,0,5
2025-04-30,0.38402947783470154,0,5
2025-05-01,0.29911619424819946,0,5
2025-05-02,0.36815837025642395,0,5
2025-05-05,0.3608544170856476,0,5
2025-05-06,0.34658282995224,0,5
2025-05-07,0.25791168212890625,1,5
2025-05-08,0.29238611459732056,1,5
2025-05-09,0.3552200496196747,1,5
2025-05-12,0.2520473301410675,0,5
2025-05-13,0.3220157325267792,0,5
2025-05-14,0.5277978181838989,0,5
2025-05-15,0.6381434798240662,0,5
2025-05-16,0.4796038568019867,0,5
2025-05-19,0.5937413573265076,0,5
2025-05-20,0.5900737047195435,0,5
2025-05-21,0.35552161931991577,0,5
2025-05-22,0.28254950046539307,0,5
2025-05-23,0.12093354016542435,1,5
2025-05-27,0.20367446541786194,0,5
2025-05-28,0.23744840919971466,0,5
2025-05-29,0.21983319520950317,0,5
2025-05-30,0.1827026903629303,0,5
2025-06-02,0.19449184834957123,0,5
2025-06-03,0.2584330439567566,0,5
2025-06-04,0.34389570355415344,1,5
2025-06-05,0.23159028589725494,1,5
2025-06-06,0.3931291103363037,0,5
2025-06-09,0.3976958394050598,1,5
2025-06-10,0.5933973789215088,0,5
2025-06-11,0.5831241607666016,1,5
2025-06-12,0.5449414253234863,1,5
2025-06-13,0.6646642684936523,1,5
2025-06-16,0.4975348114967346,1,5
2025-06-17,0.6217899322509766,1,5
2025-06-18,0.5218529105186462,1,5
2025-06-20,0.6149922013282776,1,5
2025-06-23,0.82350754737854,1,5
2025-06-24,0.817162036895752,1,5
2025-06-25,0.8288734555244446,1,5
2025-06-26,0.8222320675849915,1,5
2025-06-27,0.7987684011459351,1,5
2025-06-30,0.812911868095398,1,5
2025-07-01,0.7997617125511169,1,5
2025-07-02,0.7733443975448608,0,5
2025-07-03,0.8251849412918091,0,5
2025-07-07,0.8442834615707397,0,5
2025-07-08,0.8788372874259949,0,5
2025-07-09,0.88173907995224,0,5
2025-07-10,0.8926074504852295,0,5
2025-07-11,0.8903149366378784,0,5
2025-07-14,0.8813644051551819,1,5
2025-07-15,0.8571873903274536,1,5
2025-07-16,0.8140926957130432,0,5
2025-07-17,0.7878454327583313,1,5
2025-07-18,0.7736959457397461,0,5
2025-07-21,0.593218982219696,0,5
2025-07-22,0.5277956128120422,0,5
2025-07-23,0.4685896635055542,0,5
2025-07-24,0.4447362422943115,0,5
2025-07-25,0.38413211703300476,0,5
2025-07-28,0.39846983551979065,0,5
2025-07-29,0.23777589201927185,0,5
2025-07-30,0.1447460651397705,0,5
2025-07-31,0.10965379327535629,0,5
2025-08-01,0.3436307907104492,1,5
2025-08-04,0.6522459387779236,1,5
2025-08-05,0.6388273239135742,1,5
2025-08-06,0.5309569239616394,1,5
2025-08-07,0.8079909682273865,1,5
2025-08-08,0.8031750321388245,1,5
2025-08-11,0.8998965620994568,1,5
2025-08-12,0.7610381245613098,1,5
2025-08-13,0.9153167605400085,0,5
2025-08-14,0.9467156529426575,0,5
2025-08-15,0.9550352096557617,0,5
2025-08-18,0.9676026701927185,1,5
2025-08-19,0.9513413310050964,1,5
2025-08-20,0.8939053416252136,1,5
2025-08-21,0.884313702583313,1,5
2025-08-22,0.8259120583534241,1,5
2025-08-25,0.5872504115104675,1,5
2025-08-26,0.3135102093219757,1,5
2025-08-27,0.28684887290000916,1,5
2025-08-28,0.4087070822715759,1,5
2025-08-29,0.5281621217727661,1,5
2025-09-02,0.48999154567718506,1,5
2025-09-03,0.7873940467834473,0,5
2025-09-04,0.9267510771751404,0,5
2025-09-05,0.8694941401481628,0,5
2025-09-08,0.9322070479393005,0,5
2025-09-09,0.8839951157569885,0,5
2025-09-10,0.42086172103881836,1,5
2025-09-11,0.5608208775520325,1,5
2025-09-12,0.4485175609588623,1,5
2025-09-15,0.4941788613796234,1,5
2025-09-16,0.4597339928150177,1,5
2025-09-17,0.46058839559555054,1,5
2025-09-18,0.4780855178833008,1,5
2025-09-19,0.7561795115470886,1,5
2025-09-22,0.9452388286590576,0,5
2025-09-23,0.9506627321243286,0,5
2025-09-24,0.971788227558136,1,5
2025-09-25,0.9335389137268066,0,5
2025-09-26,0.9563471674919128,0,5
2025-09-29,0.9449588060379028,1,5
2025-09-30,0.9404804706573486,0,5
2025-10-01,0.9547118544578552,0,5
2025-10-02,0.921207845211029,0,5
2025-10-03,0.8993136286735535,0,5
2025-10-06,0.8259382247924805,0,5
2025-10-07,0.7396001219749451,0,5
2025-10-08,0.7548381090164185,0,5
2025-10-09,0.7582923173904419,0,5
2025-10-10,0.6635801792144775,0,5
2025-10-13,0.6299596428871155,0,5
2025-10-14,0.6736782193183899,0,5
2025-10-15,0.691478431224823,0,5
2025-10-16,0.659388542175293,0,5
2025-10-17,0.590431809425354,0,5
2025-10-20,0.43607693910598755,0,5
2025-10-21,0.6819113492965698,0,5
2025-10-22,0.7568985819816589,0,5
2025-10-23,0.7857767343521118,0,5
2025-10-24,0.7773991823196411,0,5
2025-10-27,0.9277206659317017,0,5
2025-10-28,0.9640315175056458,0,5
2025-10-29,0.9423456192016602,0,5
2025-10-30,0.9584168791770935,0,5
2025-10-31,0.9793479442596436,0,5
